-- Frameworks
INSERT INTO frameworks (id, organization_id, name, version, is_default) VALUES ('0147d901-984d-44c1-a08f-94f919659596', 'e802a6cb-6cfa-4a7c-aba6-2038490fb899', 'MUDEK 2024', '1.0', true) ON CONFLICT DO NOTHING;
INSERT INTO frameworks (id, organization_id, name, version, is_default) VALUES ('efe329b2-0a62-4279-a7d1-627abe557321', 'b94595d6-710c-4302-ad1b-11f4d216e028', 'ABET 2024', '1.0', true) ON CONFLICT DO NOTHING;
INSERT INTO frameworks (id, organization_id, name, version, is_default) VALUES ('824ead2b-7676-4297-a6e1-507869f5f299', 'd8214e32-d30f-4a0c-aee5-1c6fa0d41336', 'Competition Framework 2026', '2026', true) ON CONFLICT DO NOTHING;
INSERT INTO frameworks (id, organization_id, name, version, is_default) VALUES ('cf0b03e5-576d-4961-a0cc-f86b7852b85f', '088f5054-c9df-4c7f-a679-c1321524f250', 'Research Competition Framework', '2204A', true) ON CONFLICT DO NOTHING;
INSERT INTO frameworks (id, organization_id, name, version, is_default) VALUES ('8df4448a-b223-4569-a92e-4c81b669b065', 'ff81ecf1-13ac-44b2-a331-0a207a8c7184', 'Design Contest Framework', '1.0', true) ON CONFLICT DO NOTHING;
INSERT INTO frameworks (id, organization_id, name, version, is_default) VALUES ('80954c7f-86cc-4d85-aa08-2a6c6d59e7ff', 'b72b74d8-1d2c-4b0d-a982-48bfbed8fb29', 'Mission Framework', '2025', true) ON CONFLICT DO NOTHING;

-- Framework Outcomes
INSERT INTO framework_outcomes (id, framework_id, code, label, sort_order) VALUES ('af277367-f639-4c4d-a8c5-30a0ecd66e71', '0147d901-984d-44c1-a08f-94f919659596', '1.2', 'Adequate knowledge in mathematics, science and engineering', 1) ON CONFLICT DO NOTHING;
INSERT INTO framework_outcomes (id, framework_id, code, label, sort_order) VALUES ('2f2d65ff-1630-4400-a9e7-153e458bec4d', '0147d901-984d-44c1-a08f-94f919659596', '2', 'Ability to formulate and solve complex engineering problems', 2) ON CONFLICT DO NOTHING;
INSERT INTO framework_outcomes (id, framework_id, code, label, sort_order) VALUES ('b2051f4f-495a-4917-af9c-4e6dcf36b33c', '0147d901-984d-44c1-a08f-94f919659596', '3.1', 'Ability to design a complex system under realistic constraints', 3) ON CONFLICT DO NOTHING;
INSERT INTO framework_outcomes (id, framework_id, code, label, sort_order) VALUES ('7ad8e211-7c0c-4a61-a980-9efc66d6fece', '0147d901-984d-44c1-a08f-94f919659596', '3.2', 'Ability to apply modern design methods', 4) ON CONFLICT DO NOTHING;
INSERT INTO framework_outcomes (id, framework_id, code, label, sort_order) VALUES ('7679cc95-f407-424e-a8d0-7f9d6cf70fed', '0147d901-984d-44c1-a08f-94f919659596', '8.1', 'Ability to function effectively in teams', 5) ON CONFLICT DO NOTHING;
INSERT INTO framework_outcomes (id, framework_id, code, label, sort_order) VALUES ('f4b7e7da-4550-43eb-a884-0b5d8d9cf1b2', '0147d901-984d-44c1-a08f-94f919659596', '8.2', 'Ability to work in multi-disciplinary teams', 6) ON CONFLICT DO NOTHING;
INSERT INTO framework_outcomes (id, framework_id, code, label, sort_order) VALUES ('53b7fb91-c8a8-4fbf-a081-8393b09b260c', '0147d901-984d-44c1-a08f-94f919659596', '9.1', 'Oral communication effectiveness', 7) ON CONFLICT DO NOTHING;
INSERT INTO framework_outcomes (id, framework_id, code, label, sort_order) VALUES ('b641718c-6926-409a-a300-d18eabe03877', '0147d901-984d-44c1-a08f-94f919659596', '9.2', 'Written communication effectiveness', 8) ON CONFLICT DO NOTHING;
INSERT INTO framework_outcomes (id, framework_id, code, label, sort_order) VALUES ('0c61d3b2-4098-4181-a0a9-af00ccddd55f', 'efe329b2-0a62-4279-a7d1-627abe557321', 'SO-1', 'Complex Problem Solving', 1) ON CONFLICT DO NOTHING;
INSERT INTO framework_outcomes (id, framework_id, code, label, sort_order) VALUES ('4ed4e517-5b27-4f61-a16b-6d7b86d2d592', 'efe329b2-0a62-4279-a7d1-627abe557321', 'SO-2', 'Engineering Design', 2) ON CONFLICT DO NOTHING;
INSERT INTO framework_outcomes (id, framework_id, code, label, sort_order) VALUES ('cc92ffdb-deee-4b4a-ad3f-ab54b9a16df3', 'efe329b2-0a62-4279-a7d1-627abe557321', 'SO-3', 'Effective Communication', 3) ON CONFLICT DO NOTHING;
INSERT INTO framework_outcomes (id, framework_id, code, label, sort_order) VALUES ('f4f08ca1-e5f1-4cc9-aa5f-a308966a9375', 'efe329b2-0a62-4279-a7d1-627abe557321', 'SO-4', 'Ethics and Professional Responsibility', 4) ON CONFLICT DO NOTHING;
INSERT INTO framework_outcomes (id, framework_id, code, label, sort_order) VALUES ('f9c945a1-24f5-4ab1-abad-9a35a116c09c', 'efe329b2-0a62-4279-a7d1-627abe557321', 'SO-5', 'Teamwork', 5) ON CONFLICT DO NOTHING;
INSERT INTO framework_outcomes (id, framework_id, code, label, sort_order) VALUES ('e55ec114-ecd9-4bbc-acb2-56ddbb255ee3', 'efe329b2-0a62-4279-a7d1-627abe557321', 'SO-6', 'Experimentation and Analysis', 6) ON CONFLICT DO NOTHING;
INSERT INTO framework_outcomes (id, framework_id, code, label, sort_order) VALUES ('293b2e58-626c-4a8a-afab-c4827d6888ae', 'efe329b2-0a62-4279-a7d1-627abe557321', 'SO-7', 'Lifelong Learning', 7) ON CONFLICT DO NOTHING;
INSERT INTO framework_outcomes (id, framework_id, code, label, sort_order) VALUES ('f21e10be-2829-4161-acf2-6ca56c414d98', '824ead2b-7676-4297-a6e1-507869f5f299', 'TC-1', 'Preliminary Evaluation Report Quality', 1) ON CONFLICT DO NOTHING;
INSERT INTO framework_outcomes (id, framework_id, code, label, sort_order) VALUES ('5f1f1555-845b-4498-a005-4878e6f4d692', '824ead2b-7676-4297-a6e1-507869f5f299', 'TC-2', 'Critical Design Maturity', 2) ON CONFLICT DO NOTHING;
INSERT INTO framework_outcomes (id, framework_id, code, label, sort_order) VALUES ('daeff078-d457-48cc-af0f-7ebefc99a64f', '824ead2b-7676-4297-a6e1-507869f5f299', 'TC-3', 'Field Performance and Jury Presentation', 3) ON CONFLICT DO NOTHING;
INSERT INTO framework_outcomes (id, framework_id, code, label, sort_order) VALUES ('c0f9b501-7d38-4fcc-a565-65ad87f853f4', '824ead2b-7676-4297-a6e1-507869f5f299', 'TC-4', 'General Team Competency', 4) ON CONFLICT DO NOTHING;
INSERT INTO framework_outcomes (id, framework_id, code, label, sort_order) VALUES ('927c6ee5-bb03-44b8-afda-2a97f4272add', 'cf0b03e5-576d-4961-a0cc-f86b7852b85f', 'RC-1', 'Originality and Creativity', 1) ON CONFLICT DO NOTHING;
INSERT INTO framework_outcomes (id, framework_id, code, label, sort_order) VALUES ('8258a7a0-3329-4b87-a2f9-ed57789c5d5f', 'cf0b03e5-576d-4961-a0cc-f86b7852b85f', 'RC-2', 'Scientific Method', 2) ON CONFLICT DO NOTHING;
INSERT INTO framework_outcomes (id, framework_id, code, label, sort_order) VALUES ('29460c43-c2cc-42dc-a55c-9ae4ac05cb0f', 'cf0b03e5-576d-4961-a0cc-f86b7852b85f', 'RC-3', 'Results and Recommendations', 3) ON CONFLICT DO NOTHING;
INSERT INTO framework_outcomes (id, framework_id, code, label, sort_order) VALUES ('5971a865-48c8-45c7-a1fe-42276ca9c27c', 'cf0b03e5-576d-4961-a0cc-f86b7852b85f', 'RC-4', 'Applicability and Feasibility', 4) ON CONFLICT DO NOTHING;
INSERT INTO framework_outcomes (id, framework_id, code, label, sort_order) VALUES ('5994e0a4-3fa2-434e-abab-246d6d0f6cf3', 'cf0b03e5-576d-4961-a0cc-f86b7852b85f', 'RC-5', 'Broader Impact', 5) ON CONFLICT DO NOTHING;
INSERT INTO framework_outcomes (id, framework_id, code, label, sort_order) VALUES ('d4f70008-8664-4fc1-adca-346d3719c329', '8df4448a-b223-4569-a92e-4c81b669b065', 'DC-1', 'Creativity', 1) ON CONFLICT DO NOTHING;
INSERT INTO framework_outcomes (id, framework_id, code, label, sort_order) VALUES ('22c36b11-dbe6-4200-a746-877759e831c7', '8df4448a-b223-4569-a92e-4c81b669b065', 'DC-2', 'Technical Merit', 2) ON CONFLICT DO NOTHING;
INSERT INTO framework_outcomes (id, framework_id, code, label, sort_order) VALUES ('c08428e2-0dca-42a4-a982-8f8f34f1a827', '8df4448a-b223-4569-a92e-4c81b669b065', 'DC-3', 'Practical Application', 3) ON CONFLICT DO NOTHING;
INSERT INTO framework_outcomes (id, framework_id, code, label, sort_order) VALUES ('208c4237-ddb7-4d8d-ae87-221df0bf5619', '8df4448a-b223-4569-a92e-4c81b669b065', 'DC-4', 'Educational Value', 4) ON CONFLICT DO NOTHING;
INSERT INTO framework_outcomes (id, framework_id, code, label, sort_order) VALUES ('a7c6db91-308c-49ba-a91a-172d1e4f00f8', '80954c7f-86cc-4d85-aa08-2a6c6d59e7ff', 'CS-1', 'Design Constraints Compliance', 1) ON CONFLICT DO NOTHING;
INSERT INTO framework_outcomes (id, framework_id, code, label, sort_order) VALUES ('5589d3d4-c99e-4d87-a314-83e41236ca3a', '80954c7f-86cc-4d85-aa08-2a6c6d59e7ff', 'CS-2', 'Primary Mission Execution', 2) ON CONFLICT DO NOTHING;
INSERT INTO framework_outcomes (id, framework_id, code, label, sort_order) VALUES ('8e106aab-5b22-43d8-aa13-3ce02bff7660', '80954c7f-86cc-4d85-aa08-2a6c6d59e7ff', 'CS-3', 'Descent Control and Recovery', 3) ON CONFLICT DO NOTHING;
INSERT INTO framework_outcomes (id, framework_id, code, label, sort_order) VALUES ('7d5079e4-7b9c-4643-ac59-588ae909330f', '80954c7f-86cc-4d85-aa08-2a6c6d59e7ff', 'CS-4', 'Safety and Restrictions Compliance', 4) ON CONFLICT DO NOTHING;
INSERT INTO framework_outcomes (id, framework_id, code, label, sort_order) VALUES ('08691235-b202-4833-a43d-46b4b5383f13', '80954c7f-86cc-4d85-aa08-2a6c6d59e7ff', 'CS-5', 'Secondary Mission Originality', 5) ON CONFLICT DO NOTHING;
INSERT INTO framework_outcomes (id, framework_id, code, label, sort_order) VALUES ('bce51d2c-50dc-4702-aa43-169b8160e443', '80954c7f-86cc-4d85-aa08-2a6c6d59e7ff', 'CS-6', 'Data Analysis and Documentation Quality', 6) ON CONFLICT DO NOTHING;

-- Framework Criteria
INSERT INTO framework_criteria (id, framework_id, key, label, short_label, max_score, weight, color, rubric_bands, sort_order) VALUES ('c88501db-537c-448f-a967-fd759b41915b', '0147d901-984d-44c1-a08f-94f919659596', 'technical', 'Technical Content', 'Technical', 30, 30, '#F59E0B', '[{"min":27,"max":30,"label":"Excellent","description":"Problem is clearly defined with strong motivation. Design decisions are well-justified with engineering depth. Originality and mastery of relevant tools or methods are evident."},{"min":21,"max":26,"label":"Good","description":"Design is mostly clear and technically justified. Engineering decisions are largely supported."},{"min":13,"max":20,"label":"Developing","description":"Problem is stated but motivation or technical justification is insufficient."},{"min":0,"max":12,"label":"Insufficient","description":"Vague problem definition and unjustified decisions. Superficial technical content."}]', 1) ON CONFLICT DO NOTHING;
INSERT INTO framework_criteria (id, framework_id, key, label, short_label, max_score, weight, color, rubric_bands, sort_order) VALUES ('91d2ee22-2b0f-48eb-ac87-5e1fed001650', '0147d901-984d-44c1-a08f-94f919659596', 'design', 'Written Communication', 'Written', 30, 30, '#22C55E', '[{"min":27,"max":30,"label":"Excellent","description":"Poster layout is intuitive with clear information flow. Visuals are fully labelled and high quality. Technical content is presented in a way that is accessible to both technical and non-technical readers."},{"min":21,"max":26,"label":"Good","description":"Layout is mostly logical. Visuals are readable with minor gaps. Technical content is largely clear with small areas for improvement."},{"min":13,"max":20,"label":"Developing","description":"Occasional gaps in information flow. Some visuals are missing labels or captions. Technical content is only partially communicated."},{"min":0,"max":12,"label":"Insufficient","description":"Confusing layout. Low-quality or unlabelled visuals. Technical content is unclear or missing."}]', 2) ON CONFLICT DO NOTHING;
INSERT INTO framework_criteria (id, framework_id, key, label, short_label, max_score, weight, color, rubric_bands, sort_order) VALUES ('3a305bed-e865-444f-a3a3-c92302bd93cf', '0147d901-984d-44c1-a08f-94f919659596', 'delivery', 'Oral Communication', 'Oral', 30, 30, '#3B82F6', '[{"min":27,"max":30,"label":"Excellent","description":"Presentation is consciously adapted for both technical and non-technical jury members. Q&A responses are accurate, clear, and audience-appropriate."},{"min":21,"max":26,"label":"Good","description":"Presentation is mostly clear and well-paced. Most questions answered correctly. Audience adaptation is generally evident."},{"min":13,"max":20,"label":"Developing","description":"Understandable but inconsistent. Limited audience adaptation. Time management or Q&A depth needs improvement."},{"min":0,"max":12,"label":"Insufficient","description":"Unclear or disorganised presentation. Most questions answered incorrectly or not at all."}]', 3) ON CONFLICT DO NOTHING;
INSERT INTO framework_criteria (id, framework_id, key, label, short_label, max_score, weight, color, rubric_bands, sort_order) VALUES ('fda374b5-0bbf-41e3-ad46-29fe1491189b', '0147d901-984d-44c1-a08f-94f919659596', 'teamwork', 'Teamwork', 'Teamwork', 10, 10, '#EF4444', '[{"min":9,"max":10,"label":"Excellent","description":"All members participate actively and equally. Professional and ethical conduct observed throughout."},{"min":7,"max":8,"label":"Good","description":"Most members contribute. Minor knowledge gaps. Professionalism mostly observed."},{"min":4,"max":6,"label":"Developing","description":"Uneven participation. Some members are passive or unprepared."},{"min":0,"max":3,"label":"Insufficient","description":"Very low participation or dominated by one person. Lack of professionalism observed."}]', 4) ON CONFLICT DO NOTHING;
INSERT INTO framework_criteria (id, framework_id, key, label, short_label, max_score, weight, color, rubric_bands, sort_order) VALUES ('93a2a9b8-de26-4fbb-a805-d7134bc8a55f', 'efe329b2-0a62-4279-a7d1-627abe557321', 'problem_solving', 'Problem Solving & Analysis', 'Problem', 25, 25, '#EF4444', '[{"min":22,"max":25,"label":"Excellent","description":"Outstanding performance"},{"min":17,"max":21,"label":"Good","description":"Above average, minor gaps"},{"min":12,"max":16,"label":"Developing","description":"Meets minimum, needs improvement"},{"min":0,"max":11,"label":"Insufficient","description":"Below acceptable standard"}]', 1) ON CONFLICT DO NOTHING;
INSERT INTO framework_criteria (id, framework_id, key, label, short_label, max_score, weight, color, rubric_bands, sort_order) VALUES ('7283938c-881e-46e5-a432-793287f19248', 'efe329b2-0a62-4279-a7d1-627abe557321', 'system_design', 'System Design & Architecture', 'Design', 25, 25, '#3B82F6', '[{"min":22,"max":25,"label":"Excellent","description":"Outstanding performance"},{"min":17,"max":21,"label":"Good","description":"Above average, minor gaps"},{"min":12,"max":16,"label":"Developing","description":"Meets minimum, needs improvement"},{"min":0,"max":11,"label":"Insufficient","description":"Below acceptable standard"}]', 2) ON CONFLICT DO NOTHING;
INSERT INTO framework_criteria (id, framework_id, key, label, short_label, max_score, weight, color, rubric_bands, sort_order) VALUES ('c2a960c2-ec12-409c-a49b-14ac9f66a451', 'efe329b2-0a62-4279-a7d1-627abe557321', 'implementation_quality', 'Implementation Quality', 'Impl', 20, 20, '#F59E0B', '[{"min":18,"max":20,"label":"Excellent","description":"Outstanding performance"},{"min":14,"max":17,"label":"Good","description":"Above average, minor gaps"},{"min":10,"max":13,"label":"Developing","description":"Meets minimum"},{"min":0,"max":9,"label":"Insufficient","description":"Below standard"}]', 3) ON CONFLICT DO NOTHING;
INSERT INTO framework_criteria (id, framework_id, key, label, short_label, max_score, weight, color, rubric_bands, sort_order) VALUES ('cba29dca-3ee3-4e5a-a78a-44034a059a9a', 'efe329b2-0a62-4279-a7d1-627abe557321', 'communication', 'Communication & Documentation', 'Comm', 20, 20, '#EC4899', '[{"min":18,"max":20,"label":"Excellent","description":"Outstanding performance"},{"min":14,"max":17,"label":"Good","description":"Above average, minor gaps"},{"min":10,"max":13,"label":"Developing","description":"Meets minimum"},{"min":0,"max":9,"label":"Insufficient","description":"Below standard"}]', 4) ON CONFLICT DO NOTHING;
INSERT INTO framework_criteria (id, framework_id, key, label, short_label, max_score, weight, color, rubric_bands, sort_order) VALUES ('a0ce2f65-e11f-427c-ab49-6806b15b6ffe', 'efe329b2-0a62-4279-a7d1-627abe557321', 'teamwork', 'Teamwork & Collaboration', 'Team', 10, 10, '#10B981', '[{"min":9,"max":10,"label":"Excellent","description":"Outstanding"},{"min":7,"max":8,"label":"Good","description":"Above average"},{"min":5,"max":6,"label":"Developing","description":"Meets minimum"},{"min":0,"max":4,"label":"Insufficient","description":"Below standard"}]', 5) ON CONFLICT DO NOTHING;
INSERT INTO framework_criteria (id, framework_id, key, label, short_label, max_score, weight, color, rubric_bands, sort_order) VALUES ('10f52721-c639-4184-a0c4-1493bd620bfd', '824ead2b-7676-4297-a6e1-507869f5f299', 'preliminary_report', 'Preliminary Design Report (ODR)', 'Report', 25, 25, '#6366F1', '[{"min":22,"max":25,"label":"Excellent","description":"Outstanding performance"},{"min":17,"max":21,"label":"Good","description":"Above average, minor gaps"},{"min":12,"max":16,"label":"Developing","description":"Meets minimum, needs improvement"},{"min":0,"max":11,"label":"Insufficient","description":"Below acceptable standard"}]', 1) ON CONFLICT DO NOTHING;
INSERT INTO framework_criteria (id, framework_id, key, label, short_label, max_score, weight, color, rubric_bands, sort_order) VALUES ('b58a9de4-d6c7-4143-a851-ed52ef1c7aab', '824ead2b-7676-4297-a6e1-507869f5f299', 'critical_design', 'Critical Design Review (KTR)', 'CDR', 30, 30, '#F59E0B', '[{"min":26,"max":30,"label":"Excellent","description":"Outstanding performance"},{"min":20,"max":25,"label":"Good","description":"Above average, minor gaps"},{"min":14,"max":19,"label":"Developing","description":"Meets minimum, needs improvement"},{"min":0,"max":13,"label":"Insufficient","description":"Below acceptable standard"}]', 2) ON CONFLICT DO NOTHING;
INSERT INTO framework_criteria (id, framework_id, key, label, short_label, max_score, weight, color, rubric_bands, sort_order) VALUES ('a408685a-ba52-4173-a90f-b5bcf0b39b63', '824ead2b-7676-4297-a6e1-507869f5f299', 'technical_performance', 'Technical Performance & Demo', 'Performance', 30, 30, '#EF4444', '[{"min":26,"max":30,"label":"Excellent","description":"Outstanding performance"},{"min":20,"max":25,"label":"Good","description":"Above average, minor gaps"},{"min":14,"max":19,"label":"Developing","description":"Meets minimum, needs improvement"},{"min":0,"max":13,"label":"Insufficient","description":"Below acceptable standard"}]', 3) ON CONFLICT DO NOTHING;
INSERT INTO framework_criteria (id, framework_id, key, label, short_label, max_score, weight, color, rubric_bands, sort_order) VALUES ('9048c1b4-a5f6-499e-a002-58c2d231a40b', '824ead2b-7676-4297-a6e1-507869f5f299', 'team_execution', 'Team Execution & Presentation', 'Team', 15, 15, '#10B981', '[{"min":9,"max":10,"label":"Excellent","description":"Outstanding"},{"min":7,"max":8,"label":"Good","description":"Above average"},{"min":5,"max":6,"label":"Developing","description":"Meets minimum"},{"min":0,"max":4,"label":"Insufficient","description":"Below standard"}]', 4) ON CONFLICT DO NOTHING;
INSERT INTO framework_criteria (id, framework_id, key, label, short_label, max_score, weight, color, rubric_bands, sort_order) VALUES ('9153ef48-d850-40bf-a60b-985c27b85214', 'cf0b03e5-576d-4961-a0cc-f86b7852b85f', 'originality', 'Originality & Creativity', 'Originality', 35, 35, '#8B5CF6', '[{"min":30,"max":35,"label":"Excellent","description":"Outstanding performance"},{"min":23,"max":29,"label":"Good","description":"Above average, minor gaps"},{"min":16,"max":22,"label":"Developing","description":"Meets minimum, needs improvement"},{"min":0,"max":15,"label":"Insufficient","description":"Below acceptable standard"}]', 1) ON CONFLICT DO NOTHING;
INSERT INTO framework_criteria (id, framework_id, key, label, short_label, max_score, weight, color, rubric_bands, sort_order) VALUES ('ed12bef7-680e-44c5-a2c2-eafd7f911f6b', 'cf0b03e5-576d-4961-a0cc-f86b7852b85f', 'scientific_method', 'Scientific Method & Rigor', 'Method', 40, 40, '#3B82F6', '[{"min":35,"max":40,"label":"Excellent","description":"Outstanding performance"},{"min":27,"max":34,"label":"Good","description":"Above average, minor gaps"},{"min":19,"max":26,"label":"Developing","description":"Meets minimum, needs improvement"},{"min":0,"max":18,"label":"Insufficient","description":"Below acceptable standard"}]', 2) ON CONFLICT DO NOTHING;
INSERT INTO framework_criteria (id, framework_id, key, label, short_label, max_score, weight, color, rubric_bands, sort_order) VALUES ('b2079523-b082-451d-afaa-b9f1ae7e5141', 'cf0b03e5-576d-4961-a0cc-f86b7852b85f', 'impact_and_presentation', 'Impact & Presentation', 'Impact', 25, 25, '#F59E0B', '[{"min":22,"max":25,"label":"Excellent","description":"Outstanding performance"},{"min":17,"max":21,"label":"Good","description":"Above average, minor gaps"},{"min":12,"max":16,"label":"Developing","description":"Meets minimum, needs improvement"},{"min":0,"max":11,"label":"Insufficient","description":"Below acceptable standard"}]', 3) ON CONFLICT DO NOTHING;
INSERT INTO framework_criteria (id, framework_id, key, label, short_label, max_score, weight, color, rubric_bands, sort_order) VALUES ('87559029-8bad-47de-afc6-43faaa45230b', '8df4448a-b223-4569-a92e-4c81b669b065', 'creativity', 'Creativity & Innovation', 'Creativity', 30, 30, '#EC4899', '[{"min":26,"max":30,"label":"Excellent","description":"Outstanding performance"},{"min":20,"max":25,"label":"Good","description":"Above average, minor gaps"},{"min":14,"max":19,"label":"Developing","description":"Meets minimum, needs improvement"},{"min":0,"max":13,"label":"Insufficient","description":"Below acceptable standard"}]', 1) ON CONFLICT DO NOTHING;
INSERT INTO framework_criteria (id, framework_id, key, label, short_label, max_score, weight, color, rubric_bands, sort_order) VALUES ('ee91d9af-bcf4-49a4-a966-cbd063bbb8f5', '8df4448a-b223-4569-a92e-4c81b669b065', 'technical_merit', 'Technical Merit', 'Technical', 40, 40, '#3B82F6', '[{"min":35,"max":40,"label":"Excellent","description":"Outstanding performance"},{"min":27,"max":34,"label":"Good","description":"Above average, minor gaps"},{"min":19,"max":26,"label":"Developing","description":"Meets minimum, needs improvement"},{"min":0,"max":18,"label":"Insufficient","description":"Below acceptable standard"}]', 2) ON CONFLICT DO NOTHING;
INSERT INTO framework_criteria (id, framework_id, key, label, short_label, max_score, weight, color, rubric_bands, sort_order) VALUES ('03cdba6e-ce74-412d-ab8a-8819efca56ba', '8df4448a-b223-4569-a92e-4c81b669b065', 'application_and_presentation', 'Application & Presentation', 'Presentation', 30, 30, '#F59E0B', '[{"min":26,"max":30,"label":"Excellent","description":"Outstanding performance"},{"min":20,"max":25,"label":"Good","description":"Above average, minor gaps"},{"min":14,"max":19,"label":"Developing","description":"Meets minimum, needs improvement"},{"min":0,"max":13,"label":"Insufficient","description":"Below acceptable standard"}]', 3) ON CONFLICT DO NOTHING;
INSERT INTO framework_criteria (id, framework_id, key, label, short_label, max_score, weight, color, rubric_bands, sort_order) VALUES ('4f8cf9da-b0c7-4a62-ae00-c127f9c6eb8a', '80954c7f-86cc-4d85-aa08-2a6c6d59e7ff', 'design_compliance', 'Design Constraints Compliance', 'Compliance', 20, 20, '#6366F1', '[{"min":18,"max":20,"label":"Excellent","description":"Outstanding performance"},{"min":14,"max":17,"label":"Good","description":"Above average, minor gaps"},{"min":10,"max":13,"label":"Developing","description":"Meets minimum"},{"min":0,"max":9,"label":"Insufficient","description":"Below standard"}]', 1) ON CONFLICT DO NOTHING;
INSERT INTO framework_criteria (id, framework_id, key, label, short_label, max_score, weight, color, rubric_bands, sort_order) VALUES ('2acdc2ab-1710-48df-a764-c1e4b5e8ec4e', '80954c7f-86cc-4d85-aa08-2a6c6d59e7ff', 'mission_execution', 'Mission Execution & Telemetry', 'Mission', 35, 35, '#EF4444', '[{"min":30,"max":35,"label":"Excellent","description":"Outstanding performance"},{"min":23,"max":29,"label":"Good","description":"Above average, minor gaps"},{"min":16,"max":22,"label":"Developing","description":"Meets minimum, needs improvement"},{"min":0,"max":15,"label":"Insufficient","description":"Below acceptable standard"}]', 2) ON CONFLICT DO NOTHING;
INSERT INTO framework_criteria (id, framework_id, key, label, short_label, max_score, weight, color, rubric_bands, sort_order) VALUES ('7065e7e2-dffe-49f3-a6bf-2d59c6661b90', '80954c7f-86cc-4d85-aa08-2a6c6d59e7ff', 'data_and_documentation', 'Data Analysis & Documentation', 'Data', 25, 25, '#3B82F6', '[{"min":22,"max":25,"label":"Excellent","description":"Outstanding performance"},{"min":17,"max":21,"label":"Good","description":"Above average, minor gaps"},{"min":12,"max":16,"label":"Developing","description":"Meets minimum, needs improvement"},{"min":0,"max":11,"label":"Insufficient","description":"Below acceptable standard"}]', 3) ON CONFLICT DO NOTHING;
INSERT INTO framework_criteria (id, framework_id, key, label, short_label, max_score, weight, color, rubric_bands, sort_order) VALUES ('089917fe-ade5-4d49-a70d-d9b1f8f6d319', '80954c7f-86cc-4d85-aa08-2a6c6d59e7ff', 'safety_and_recovery', 'Safety & Recovery', 'Safety', 20, 20, '#10B981', '[{"min":18,"max":20,"label":"Excellent","description":"Outstanding performance"},{"min":14,"max":17,"label":"Good","description":"Above average, minor gaps"},{"min":10,"max":13,"label":"Developing","description":"Meets minimum"},{"min":0,"max":9,"label":"Insufficient","description":"Below standard"}]', 4) ON CONFLICT DO NOTHING;

-- Framework Mappings
INSERT INTO framework_criterion_outcome_maps (id, framework_id, criterion_id, outcome_id, weight) VALUES ('787f5d42-50c5-49bb-afc8-09e0e9df707e', '0147d901-984d-44c1-a08f-94f919659596', 'c88501db-537c-448f-a967-fd759b41915b', 'af277367-f639-4c4d-a8c5-30a0ecd66e71', 0.25) ON CONFLICT DO NOTHING;
INSERT INTO framework_criterion_outcome_maps (id, framework_id, criterion_id, outcome_id, weight) VALUES ('1232e664-977d-47aa-ac4d-b35f55885fda', '0147d901-984d-44c1-a08f-94f919659596', 'c88501db-537c-448f-a967-fd759b41915b', '2f2d65ff-1630-4400-a9e7-153e458bec4d', 0.25) ON CONFLICT DO NOTHING;
INSERT INTO framework_criterion_outcome_maps (id, framework_id, criterion_id, outcome_id, weight) VALUES ('14a78337-1b65-47d3-a310-ada19b17942c', '0147d901-984d-44c1-a08f-94f919659596', 'c88501db-537c-448f-a967-fd759b41915b', 'b2051f4f-495a-4917-af9c-4e6dcf36b33c', 0.25) ON CONFLICT DO NOTHING;
INSERT INTO framework_criterion_outcome_maps (id, framework_id, criterion_id, outcome_id, weight) VALUES ('1f2f948d-29af-4828-a856-b2432617e930', '0147d901-984d-44c1-a08f-94f919659596', 'c88501db-537c-448f-a967-fd759b41915b', '7ad8e211-7c0c-4a61-a980-9efc66d6fece', 0.25) ON CONFLICT DO NOTHING;
INSERT INTO framework_criterion_outcome_maps (id, framework_id, criterion_id, outcome_id, weight) VALUES ('cfb277db-88f8-4249-ab28-3d789fde24e9', '0147d901-984d-44c1-a08f-94f919659596', '91d2ee22-2b0f-48eb-ac87-5e1fed001650', 'b641718c-6926-409a-a300-d18eabe03877', 1) ON CONFLICT DO NOTHING;
INSERT INTO framework_criterion_outcome_maps (id, framework_id, criterion_id, outcome_id, weight) VALUES ('99a483d0-a0f2-46a1-af1a-b7246976ba8c', '0147d901-984d-44c1-a08f-94f919659596', '3a305bed-e865-444f-a3a3-c92302bd93cf', '53b7fb91-c8a8-4fbf-a081-8393b09b260c', 1) ON CONFLICT DO NOTHING;
INSERT INTO framework_criterion_outcome_maps (id, framework_id, criterion_id, outcome_id, weight) VALUES ('2656c0d3-9b5a-4e21-a879-0edb10a871d4', '0147d901-984d-44c1-a08f-94f919659596', 'fda374b5-0bbf-41e3-ad46-29fe1491189b', '7679cc95-f407-424e-a8d0-7f9d6cf70fed', 0.5) ON CONFLICT DO NOTHING;
INSERT INTO framework_criterion_outcome_maps (id, framework_id, criterion_id, outcome_id, weight) VALUES ('6430d990-7ed1-430b-a368-c249ba934dd2', '0147d901-984d-44c1-a08f-94f919659596', 'fda374b5-0bbf-41e3-ad46-29fe1491189b', 'f4b7e7da-4550-43eb-a884-0b5d8d9cf1b2', 0.5) ON CONFLICT DO NOTHING;
INSERT INTO framework_criterion_outcome_maps (id, framework_id, criterion_id, outcome_id, weight) VALUES ('3695cde8-7f8b-4fc4-af7f-523d452e19f4', 'efe329b2-0a62-4279-a7d1-627abe557321', '93a2a9b8-de26-4fbb-a805-d7134bc8a55f', '0c61d3b2-4098-4181-a0a9-af00ccddd55f', 0.6) ON CONFLICT DO NOTHING;
INSERT INTO framework_criterion_outcome_maps (id, framework_id, criterion_id, outcome_id, weight) VALUES ('be64d4fa-2c45-4890-a280-d6a64651b63a', 'efe329b2-0a62-4279-a7d1-627abe557321', '93a2a9b8-de26-4fbb-a805-d7134bc8a55f', 'e55ec114-ecd9-4bbc-acb2-56ddbb255ee3', 0.4) ON CONFLICT DO NOTHING;
INSERT INTO framework_criterion_outcome_maps (id, framework_id, criterion_id, outcome_id, weight) VALUES ('a59be2e2-233f-4090-aa9b-15d526b829e0', 'efe329b2-0a62-4279-a7d1-627abe557321', '7283938c-881e-46e5-a432-793287f19248', '4ed4e517-5b27-4f61-a16b-6d7b86d2d592', 0.7) ON CONFLICT DO NOTHING;
INSERT INTO framework_criterion_outcome_maps (id, framework_id, criterion_id, outcome_id, weight) VALUES ('23b6bf8b-5c34-47c6-a09f-cb08ac883a8f', 'efe329b2-0a62-4279-a7d1-627abe557321', '7283938c-881e-46e5-a432-793287f19248', '0c61d3b2-4098-4181-a0a9-af00ccddd55f', 0.3) ON CONFLICT DO NOTHING;
INSERT INTO framework_criterion_outcome_maps (id, framework_id, criterion_id, outcome_id, weight) VALUES ('1bd9933b-fa6f-428c-a830-752cd93c9529', 'efe329b2-0a62-4279-a7d1-627abe557321', 'c2a960c2-ec12-409c-a49b-14ac9f66a451', 'e55ec114-ecd9-4bbc-acb2-56ddbb255ee3', 0.5) ON CONFLICT DO NOTHING;
INSERT INTO framework_criterion_outcome_maps (id, framework_id, criterion_id, outcome_id, weight) VALUES ('b83227f4-e347-46ed-a368-5d61933ed1fb', 'efe329b2-0a62-4279-a7d1-627abe557321', 'c2a960c2-ec12-409c-a49b-14ac9f66a451', '4ed4e517-5b27-4f61-a16b-6d7b86d2d592', 0.3) ON CONFLICT DO NOTHING;
INSERT INTO framework_criterion_outcome_maps (id, framework_id, criterion_id, outcome_id, weight) VALUES ('e53dfb15-71cb-4a85-a6cf-359930112ea8', 'efe329b2-0a62-4279-a7d1-627abe557321', 'c2a960c2-ec12-409c-a49b-14ac9f66a451', '293b2e58-626c-4a8a-afab-c4827d6888ae', 0.2) ON CONFLICT DO NOTHING;
INSERT INTO framework_criterion_outcome_maps (id, framework_id, criterion_id, outcome_id, weight) VALUES ('340ba75e-fb32-42d5-aa8e-21b2a2f6295d', 'efe329b2-0a62-4279-a7d1-627abe557321', 'cba29dca-3ee3-4e5a-a78a-44034a059a9a', 'cc92ffdb-deee-4b4a-ad3f-ab54b9a16df3', 0.7) ON CONFLICT DO NOTHING;
INSERT INTO framework_criterion_outcome_maps (id, framework_id, criterion_id, outcome_id, weight) VALUES ('104bb08d-d213-4656-ad1d-963900f1f6a8', 'efe329b2-0a62-4279-a7d1-627abe557321', 'cba29dca-3ee3-4e5a-a78a-44034a059a9a', 'f4f08ca1-e5f1-4cc9-aa5f-a308966a9375', 0.3) ON CONFLICT DO NOTHING;
INSERT INTO framework_criterion_outcome_maps (id, framework_id, criterion_id, outcome_id, weight) VALUES ('eee7ca6e-5fca-4b3f-a1ee-7754ff4860d6', 'efe329b2-0a62-4279-a7d1-627abe557321', 'a0ce2f65-e11f-427c-ab49-6806b15b6ffe', 'f9c945a1-24f5-4ab1-abad-9a35a116c09c', 1) ON CONFLICT DO NOTHING;
INSERT INTO framework_criterion_outcome_maps (id, framework_id, criterion_id, outcome_id, weight) VALUES ('425f56ea-965d-405b-a48a-8bf4729194b3', '824ead2b-7676-4297-a6e1-507869f5f299', '10f52721-c639-4184-a0c4-1493bd620bfd', 'f21e10be-2829-4161-acf2-6ca56c414d98', 1) ON CONFLICT DO NOTHING;
INSERT INTO framework_criterion_outcome_maps (id, framework_id, criterion_id, outcome_id, weight) VALUES ('7ab14c5b-e94e-424a-ab2f-6d35030dae98', '824ead2b-7676-4297-a6e1-507869f5f299', 'b58a9de4-d6c7-4143-a851-ed52ef1c7aab', '5f1f1555-845b-4498-a005-4878e6f4d692', 0.7) ON CONFLICT DO NOTHING;
INSERT INTO framework_criterion_outcome_maps (id, framework_id, criterion_id, outcome_id, weight) VALUES ('c03ac120-febe-4e2f-a090-06ae620e031d', '824ead2b-7676-4297-a6e1-507869f5f299', 'b58a9de4-d6c7-4143-a851-ed52ef1c7aab', 'f21e10be-2829-4161-acf2-6ca56c414d98', 0.3) ON CONFLICT DO NOTHING;
INSERT INTO framework_criterion_outcome_maps (id, framework_id, criterion_id, outcome_id, weight) VALUES ('1dc5f4d6-71da-4ec3-a821-87f1b5601438', '824ead2b-7676-4297-a6e1-507869f5f299', 'a408685a-ba52-4173-a90f-b5bcf0b39b63', 'daeff078-d457-48cc-af0f-7ebefc99a64f', 0.8) ON CONFLICT DO NOTHING;
INSERT INTO framework_criterion_outcome_maps (id, framework_id, criterion_id, outcome_id, weight) VALUES ('584385a7-38cc-43da-adb4-28951b59ea3c', '824ead2b-7676-4297-a6e1-507869f5f299', 'a408685a-ba52-4173-a90f-b5bcf0b39b63', '5f1f1555-845b-4498-a005-4878e6f4d692', 0.2) ON CONFLICT DO NOTHING;
INSERT INTO framework_criterion_outcome_maps (id, framework_id, criterion_id, outcome_id, weight) VALUES ('5bd81085-6d0d-4fc2-a85d-a3eb876c4188', '824ead2b-7676-4297-a6e1-507869f5f299', '9048c1b4-a5f6-499e-a002-58c2d231a40b', 'c0f9b501-7d38-4fcc-a565-65ad87f853f4', 0.6) ON CONFLICT DO NOTHING;
INSERT INTO framework_criterion_outcome_maps (id, framework_id, criterion_id, outcome_id, weight) VALUES ('44299a91-b795-4016-aa18-023d2768b2f7', '824ead2b-7676-4297-a6e1-507869f5f299', '9048c1b4-a5f6-499e-a002-58c2d231a40b', 'daeff078-d457-48cc-af0f-7ebefc99a64f', 0.4) ON CONFLICT DO NOTHING;
INSERT INTO framework_criterion_outcome_maps (id, framework_id, criterion_id, outcome_id, weight) VALUES ('fe8155f0-6bc9-41e5-aa58-b3ea4243beb5', 'cf0b03e5-576d-4961-a0cc-f86b7852b85f', '9153ef48-d850-40bf-a60b-985c27b85214', '927c6ee5-bb03-44b8-afda-2a97f4272add', 0.7) ON CONFLICT DO NOTHING;
INSERT INTO framework_criterion_outcome_maps (id, framework_id, criterion_id, outcome_id, weight) VALUES ('680822fa-3f3b-407f-a433-052ee08daae2', 'cf0b03e5-576d-4961-a0cc-f86b7852b85f', '9153ef48-d850-40bf-a60b-985c27b85214', '5971a865-48c8-45c7-a1fe-42276ca9c27c', 0.3) ON CONFLICT DO NOTHING;
INSERT INTO framework_criterion_outcome_maps (id, framework_id, criterion_id, outcome_id, weight) VALUES ('9ddcc51b-3291-419f-a80a-22ba81e250c2', 'cf0b03e5-576d-4961-a0cc-f86b7852b85f', 'ed12bef7-680e-44c5-a2c2-eafd7f911f6b', '8258a7a0-3329-4b87-a2f9-ed57789c5d5f', 0.5) ON CONFLICT DO NOTHING;
INSERT INTO framework_criterion_outcome_maps (id, framework_id, criterion_id, outcome_id, weight) VALUES ('02bb9c22-1cf9-4f4b-a91b-719e3e630a7d', 'cf0b03e5-576d-4961-a0cc-f86b7852b85f', 'ed12bef7-680e-44c5-a2c2-eafd7f911f6b', '29460c43-c2cc-42dc-a55c-9ae4ac05cb0f', 0.5) ON CONFLICT DO NOTHING;
INSERT INTO framework_criterion_outcome_maps (id, framework_id, criterion_id, outcome_id, weight) VALUES ('7914fe34-dbcd-4a77-a84a-4e506ff4a7c1', 'cf0b03e5-576d-4961-a0cc-f86b7852b85f', 'b2079523-b082-451d-afaa-b9f1ae7e5141', '5994e0a4-3fa2-434e-abab-246d6d0f6cf3', 0.5) ON CONFLICT DO NOTHING;
INSERT INTO framework_criterion_outcome_maps (id, framework_id, criterion_id, outcome_id, weight) VALUES ('160f8ba8-8c34-46f9-a3b6-56c895a41c70', 'cf0b03e5-576d-4961-a0cc-f86b7852b85f', 'b2079523-b082-451d-afaa-b9f1ae7e5141', '29460c43-c2cc-42dc-a55c-9ae4ac05cb0f', 0.3) ON CONFLICT DO NOTHING;
INSERT INTO framework_criterion_outcome_maps (id, framework_id, criterion_id, outcome_id, weight) VALUES ('347c3dca-e865-40e5-ae42-d8e41b71fac4', 'cf0b03e5-576d-4961-a0cc-f86b7852b85f', 'b2079523-b082-451d-afaa-b9f1ae7e5141', '5971a865-48c8-45c7-a1fe-42276ca9c27c', 0.2) ON CONFLICT DO NOTHING;
INSERT INTO framework_criterion_outcome_maps (id, framework_id, criterion_id, outcome_id, weight) VALUES ('2c18f7ca-83c0-496d-a0de-ae6b6cac113a', '8df4448a-b223-4569-a92e-4c81b669b065', '87559029-8bad-47de-afc6-43faaa45230b', 'd4f70008-8664-4fc1-adca-346d3719c329', 0.7) ON CONFLICT DO NOTHING;
INSERT INTO framework_criterion_outcome_maps (id, framework_id, criterion_id, outcome_id, weight) VALUES ('46da8a67-b906-42e5-a4f6-97ebdcd2c3ff', '8df4448a-b223-4569-a92e-4c81b669b065', '87559029-8bad-47de-afc6-43faaa45230b', '208c4237-ddb7-4d8d-ae87-221df0bf5619', 0.3) ON CONFLICT DO NOTHING;
INSERT INTO framework_criterion_outcome_maps (id, framework_id, criterion_id, outcome_id, weight) VALUES ('5db26161-6967-494d-a939-1eadec359aa0', '8df4448a-b223-4569-a92e-4c81b669b065', 'ee91d9af-bcf4-49a4-a966-cbd063bbb8f5', '22c36b11-dbe6-4200-a746-877759e831c7', 0.8) ON CONFLICT DO NOTHING;
INSERT INTO framework_criterion_outcome_maps (id, framework_id, criterion_id, outcome_id, weight) VALUES ('918116ee-d9d7-47d5-a462-6f9ee7e162d6', '8df4448a-b223-4569-a92e-4c81b669b065', 'ee91d9af-bcf4-49a4-a966-cbd063bbb8f5', 'c08428e2-0dca-42a4-a982-8f8f34f1a827', 0.2) ON CONFLICT DO NOTHING;
INSERT INTO framework_criterion_outcome_maps (id, framework_id, criterion_id, outcome_id, weight) VALUES ('41dd727f-a348-480b-ae16-516bf03f6a41', '8df4448a-b223-4569-a92e-4c81b669b065', '03cdba6e-ce74-412d-ab8a-8819efca56ba', 'c08428e2-0dca-42a4-a982-8f8f34f1a827', 0.5) ON CONFLICT DO NOTHING;
INSERT INTO framework_criterion_outcome_maps (id, framework_id, criterion_id, outcome_id, weight) VALUES ('0cec8641-5ba9-46f7-abec-83e29a8fdb93', '8df4448a-b223-4569-a92e-4c81b669b065', '03cdba6e-ce74-412d-ab8a-8819efca56ba', '208c4237-ddb7-4d8d-ae87-221df0bf5619', 0.3) ON CONFLICT DO NOTHING;
INSERT INTO framework_criterion_outcome_maps (id, framework_id, criterion_id, outcome_id, weight) VALUES ('9d413260-6915-4efa-a86d-c1511bc377e1', '8df4448a-b223-4569-a92e-4c81b669b065', '03cdba6e-ce74-412d-ab8a-8819efca56ba', 'd4f70008-8664-4fc1-adca-346d3719c329', 0.2) ON CONFLICT DO NOTHING;
INSERT INTO framework_criterion_outcome_maps (id, framework_id, criterion_id, outcome_id, weight) VALUES ('c405a8ec-cd0d-42fd-a783-91c576f3e4f4', '80954c7f-86cc-4d85-aa08-2a6c6d59e7ff', '4f8cf9da-b0c7-4a62-ae00-c127f9c6eb8a', 'a7c6db91-308c-49ba-a91a-172d1e4f00f8', 0.7) ON CONFLICT DO NOTHING;
INSERT INTO framework_criterion_outcome_maps (id, framework_id, criterion_id, outcome_id, weight) VALUES ('8d5da354-c77e-413a-ad69-29d8d38edbfe', '80954c7f-86cc-4d85-aa08-2a6c6d59e7ff', '4f8cf9da-b0c7-4a62-ae00-c127f9c6eb8a', '7d5079e4-7b9c-4643-ac59-588ae909330f', 0.3) ON CONFLICT DO NOTHING;
INSERT INTO framework_criterion_outcome_maps (id, framework_id, criterion_id, outcome_id, weight) VALUES ('8ed69783-a466-4130-ab29-b6e74283af23', '80954c7f-86cc-4d85-aa08-2a6c6d59e7ff', '2acdc2ab-1710-48df-a764-c1e4b5e8ec4e', '5589d3d4-c99e-4d87-a314-83e41236ca3a', 0.5) ON CONFLICT DO NOTHING;
INSERT INTO framework_criterion_outcome_maps (id, framework_id, criterion_id, outcome_id, weight) VALUES ('6ea0a813-7306-4856-a862-58f2fa42f03a', '80954c7f-86cc-4d85-aa08-2a6c6d59e7ff', '2acdc2ab-1710-48df-a764-c1e4b5e8ec4e', '08691235-b202-4833-a43d-46b4b5383f13', 0.3) ON CONFLICT DO NOTHING;
INSERT INTO framework_criterion_outcome_maps (id, framework_id, criterion_id, outcome_id, weight) VALUES ('012940c7-e57c-4a9e-af10-bca9ca31da8d', '80954c7f-86cc-4d85-aa08-2a6c6d59e7ff', '2acdc2ab-1710-48df-a764-c1e4b5e8ec4e', '8e106aab-5b22-43d8-aa13-3ce02bff7660', 0.2) ON CONFLICT DO NOTHING;
INSERT INTO framework_criterion_outcome_maps (id, framework_id, criterion_id, outcome_id, weight) VALUES ('4ad7dd97-2e09-482c-a35d-51bb72a139e9', '80954c7f-86cc-4d85-aa08-2a6c6d59e7ff', '7065e7e2-dffe-49f3-a6bf-2d59c6661b90', 'bce51d2c-50dc-4702-aa43-169b8160e443', 0.7) ON CONFLICT DO NOTHING;
INSERT INTO framework_criterion_outcome_maps (id, framework_id, criterion_id, outcome_id, weight) VALUES ('fd00892f-5030-4995-a472-547112112cdb', '80954c7f-86cc-4d85-aa08-2a6c6d59e7ff', '7065e7e2-dffe-49f3-a6bf-2d59c6661b90', '5589d3d4-c99e-4d87-a314-83e41236ca3a', 0.3) ON CONFLICT DO NOTHING;
INSERT INTO framework_criterion_outcome_maps (id, framework_id, criterion_id, outcome_id, weight) VALUES ('162a88db-3542-45ac-a00f-1121e07e8aae', '80954c7f-86cc-4d85-aa08-2a6c6d59e7ff', '089917fe-ade5-4d49-a70d-d9b1f8f6d319', '7d5079e4-7b9c-4643-ac59-588ae909330f', 0.5) ON CONFLICT DO NOTHING;
INSERT INTO framework_criterion_outcome_maps (id, framework_id, criterion_id, outcome_id, weight) VALUES ('6a1e11c0-4731-452a-a1ea-a6747b611b87', '80954c7f-86cc-4d85-aa08-2a6c6d59e7ff', '089917fe-ade5-4d49-a70d-d9b1f8f6d319', '8e106aab-5b22-43d8-aa13-3ce02bff7660', 0.5) ON CONFLICT DO NOTHING;

