-- Periods and Snapshots
INSERT INTO periods (id, organization_id, framework_id, name, season, is_current, is_locked, is_visible, poster_date, snapshot_frozen_at, start_date, end_date, description, updated_at) VALUES ('a0d6f60d-ece4-40f8-aca2-955b4abc5d88', 'e802a6cb-6cfa-4a7c-aba6-2038490fb899', '0147d901-984d-44c1-a08f-94f919659596', 'Spring 2026', 'Spring', true, false, true, DATE '2026-06-15' - integer '14', ('2026-02-01'::timestamp + interval '1 day'), DATE '2026-06-13', DATE '2026-06-15', 'EE 491/492 Senior Design capstone evaluations for the Spring 2026 graduating cohort — poster day and final oral presentations.', timestamp '2026-02-01' + interval '2 days') ON CONFLICT DO NOTHING;
INSERT INTO period_criteria (id, period_id, source_criterion_id, key, label, short_label, max_score, weight, color, rubric_bands, sort_order) VALUES ('787e905a-a2da-431e-af63-00cea2ea7bb5', 'a0d6f60d-ece4-40f8-aca2-955b4abc5d88', 'c88501db-537c-448f-a967-fd759b41915b', 'technical', 'Technical Content', 'Technical', 30, 30, '#F59E0B', '[{"level":"Excellent","min":27,"max":30,"range":"27–30","desc":"Problem is clearly defined with strong motivation. Design decisions are well-justified with engineering depth. Originality and mastery of relevant tools or methods are evident."},{"level":"Good","min":21,"max":26,"range":"21–26","desc":"Design is mostly clear and technically justified. Engineering decisions are largely supported."},{"level":"Developing","min":13,"max":20,"range":"13–20","desc":"Problem is stated but motivation or technical justification is insufficient."},{"level":"Insufficient","min":0,"max":12,"range":"0–12","desc":"Vague problem definition and unjustified decisions. Superficial technical content."}]', 1) ON CONFLICT DO NOTHING;
INSERT INTO period_criteria (id, period_id, source_criterion_id, key, label, short_label, max_score, weight, color, rubric_bands, sort_order) VALUES ('25fdf203-ff5f-4c31-ab09-3ac8bd726e65', 'a0d6f60d-ece4-40f8-aca2-955b4abc5d88', '91d2ee22-2b0f-48eb-ac87-5e1fed001650', 'design', 'Written Communication', 'Written', 30, 30, '#22C55E', '[{"level":"Excellent","min":27,"max":30,"range":"27–30","desc":"Poster layout is intuitive with clear information flow. Visuals are fully labelled and high quality. Technical content is presented in a way that is accessible to both technical and non-technical readers."},{"level":"Good","min":21,"max":26,"range":"21–26","desc":"Layout is mostly logical. Visuals are readable with minor gaps. Technical content is largely clear with small areas for improvement."},{"level":"Developing","min":13,"max":20,"range":"13–20","desc":"Occasional gaps in information flow. Some visuals are missing labels or captions. Technical content is only partially communicated."},{"level":"Insufficient","min":0,"max":12,"range":"0–12","desc":"Confusing layout. Low-quality or unlabelled visuals. Technical content is unclear or missing."}]', 2) ON CONFLICT DO NOTHING;
INSERT INTO period_criteria (id, period_id, source_criterion_id, key, label, short_label, max_score, weight, color, rubric_bands, sort_order) VALUES ('ecc8c71e-2fca-4ab8-aaa9-9efbe29700c6', 'a0d6f60d-ece4-40f8-aca2-955b4abc5d88', '3a305bed-e865-444f-a3a3-c92302bd93cf', 'delivery', 'Oral Communication', 'Oral', 30, 30, '#3B82F6', '[{"level":"Excellent","min":27,"max":30,"range":"27–30","desc":"Presentation is consciously adapted for both technical and non-technical jury members. Q&A responses are accurate, clear, and audience-appropriate."},{"level":"Good","min":21,"max":26,"range":"21–26","desc":"Presentation is mostly clear and well-paced. Most questions answered correctly. Audience adaptation is generally evident."},{"level":"Developing","min":13,"max":20,"range":"13–20","desc":"Understandable but inconsistent. Limited audience adaptation. Time management or Q&A depth needs improvement."},{"level":"Insufficient","min":0,"max":12,"range":"0–12","desc":"Unclear or disorganised presentation. Most questions answered incorrectly or not at all."}]', 3) ON CONFLICT DO NOTHING;
INSERT INTO period_criteria (id, period_id, source_criterion_id, key, label, short_label, max_score, weight, color, rubric_bands, sort_order) VALUES ('dc46db4d-fa3a-4c22-a64a-b5c07a94ebe6', 'a0d6f60d-ece4-40f8-aca2-955b4abc5d88', 'fda374b5-0bbf-41e3-ad46-29fe1491189b', 'teamwork', 'Teamwork', 'Teamwork', 10, 10, '#EF4444', '[{"level":"Excellent","min":9,"max":10,"range":"9–10","desc":"All members participate actively and equally. Professional and ethical conduct observed throughout."},{"level":"Good","min":7,"max":8,"range":"7–8","desc":"Most members contribute. Minor knowledge gaps. Professionalism mostly observed."},{"level":"Developing","min":4,"max":6,"range":"4–6","desc":"Uneven participation. Some members are passive or unprepared."},{"level":"Insufficient","min":0,"max":3,"range":"0–3","desc":"Very low participation or dominated by one person. Lack of professionalism observed."}]', 4) ON CONFLICT DO NOTHING;
INSERT INTO period_outcomes (id, period_id, source_outcome_id, code, label, sort_order) VALUES ('6986c7eb-0ee6-4eac-acf1-12b863301b77', 'a0d6f60d-ece4-40f8-aca2-955b4abc5d88', 'af277367-f639-4c4d-a8c5-30a0ecd66e71', '1.2', 'Adequate knowledge in mathematics, science and engineering', 1) ON CONFLICT DO NOTHING;
INSERT INTO period_outcomes (id, period_id, source_outcome_id, code, label, sort_order) VALUES ('be27c992-aa6d-441d-ab85-0c3532d3e2ca', 'a0d6f60d-ece4-40f8-aca2-955b4abc5d88', '2f2d65ff-1630-4400-a9e7-153e458bec4d', '2', 'Ability to formulate and solve complex engineering problems', 2) ON CONFLICT DO NOTHING;
INSERT INTO period_outcomes (id, period_id, source_outcome_id, code, label, sort_order) VALUES ('48375d76-5886-42f4-a0a3-a52fa01d8224', 'a0d6f60d-ece4-40f8-aca2-955b4abc5d88', 'b2051f4f-495a-4917-af9c-4e6dcf36b33c', '3.1', 'Ability to design a complex system under realistic constraints', 3) ON CONFLICT DO NOTHING;
INSERT INTO period_outcomes (id, period_id, source_outcome_id, code, label, sort_order) VALUES ('1a3d9339-2318-46ea-ad17-d79c737d4983', 'a0d6f60d-ece4-40f8-aca2-955b4abc5d88', '7ad8e211-7c0c-4a61-a980-9efc66d6fece', '3.2', 'Ability to apply modern design methods', 4) ON CONFLICT DO NOTHING;
INSERT INTO period_outcomes (id, period_id, source_outcome_id, code, label, sort_order) VALUES ('6dd4fe1c-0b01-4c64-a37c-124145568756', 'a0d6f60d-ece4-40f8-aca2-955b4abc5d88', '7679cc95-f407-424e-a8d0-7f9d6cf70fed', '8.1', 'Ability to function effectively in teams', 5) ON CONFLICT DO NOTHING;
INSERT INTO period_outcomes (id, period_id, source_outcome_id, code, label, sort_order) VALUES ('b944e980-ba4c-4de7-aa7a-9c5eceaa8753', 'a0d6f60d-ece4-40f8-aca2-955b4abc5d88', 'f4b7e7da-4550-43eb-a884-0b5d8d9cf1b2', '8.2', 'Ability to work in multi-disciplinary teams', 6) ON CONFLICT DO NOTHING;
INSERT INTO period_outcomes (id, period_id, source_outcome_id, code, label, sort_order) VALUES ('741208a6-eb9b-4253-ac82-f6d2252b6e83', 'a0d6f60d-ece4-40f8-aca2-955b4abc5d88', '53b7fb91-c8a8-4fbf-a081-8393b09b260c', '9.1', 'Oral communication effectiveness', 7) ON CONFLICT DO NOTHING;
INSERT INTO period_outcomes (id, period_id, source_outcome_id, code, label, sort_order) VALUES ('6b6a0026-b096-4d03-ad1a-6ba4f07df192', 'a0d6f60d-ece4-40f8-aca2-955b4abc5d88', 'b641718c-6926-409a-a300-d18eabe03877', '9.2', 'Written communication effectiveness', 8) ON CONFLICT DO NOTHING;
INSERT INTO period_criterion_outcome_maps (id, period_id, period_criterion_id, period_outcome_id, weight) VALUES ('1fe7c961-3ec7-4a9b-8d48-717ca3bac741', 'a0d6f60d-ece4-40f8-aca2-955b4abc5d88', '787e905a-a2da-431e-af63-00cea2ea7bb5', '6986c7eb-0ee6-4eac-acf1-12b863301b77', 0.25) ON CONFLICT DO NOTHING;
INSERT INTO period_criterion_outcome_maps (id, period_id, period_criterion_id, period_outcome_id, weight) VALUES ('8454ea07-36fc-457b-ae3f-3d68c97a126d', 'a0d6f60d-ece4-40f8-aca2-955b4abc5d88', '787e905a-a2da-431e-af63-00cea2ea7bb5', 'be27c992-aa6d-441d-ab85-0c3532d3e2ca', 0.25) ON CONFLICT DO NOTHING;
INSERT INTO period_criterion_outcome_maps (id, period_id, period_criterion_id, period_outcome_id, weight) VALUES ('e6c746a8-60a0-4618-8aeb-ec441fa8e546', 'a0d6f60d-ece4-40f8-aca2-955b4abc5d88', '787e905a-a2da-431e-af63-00cea2ea7bb5', '48375d76-5886-42f4-a0a3-a52fa01d8224', 0.25) ON CONFLICT DO NOTHING;
INSERT INTO period_criterion_outcome_maps (id, period_id, period_criterion_id, period_outcome_id, weight) VALUES ('504f0f13-a6f3-49ec-8bfa-16385e1b3c07', 'a0d6f60d-ece4-40f8-aca2-955b4abc5d88', '787e905a-a2da-431e-af63-00cea2ea7bb5', '1a3d9339-2318-46ea-ad17-d79c737d4983', 0.25) ON CONFLICT DO NOTHING;
INSERT INTO period_criterion_outcome_maps (id, period_id, period_criterion_id, period_outcome_id, weight) VALUES ('fed7e202-0422-474c-a527-43c6239e4b18', 'a0d6f60d-ece4-40f8-aca2-955b4abc5d88', '25fdf203-ff5f-4c31-ab09-3ac8bd726e65', '6b6a0026-b096-4d03-ad1a-6ba4f07df192', 1.0) ON CONFLICT DO NOTHING;
INSERT INTO period_criterion_outcome_maps (id, period_id, period_criterion_id, period_outcome_id, weight) VALUES ('155d419b-d7c7-44a6-b5b5-8e769d12bbcd', 'a0d6f60d-ece4-40f8-aca2-955b4abc5d88', 'ecc8c71e-2fca-4ab8-aaa9-9efbe29700c6', '741208a6-eb9b-4253-ac82-f6d2252b6e83', 1.0) ON CONFLICT DO NOTHING;
INSERT INTO period_criterion_outcome_maps (id, period_id, period_criterion_id, period_outcome_id, weight) VALUES ('4b3014e6-b386-4334-a92c-cc46c8ec42f8', 'a0d6f60d-ece4-40f8-aca2-955b4abc5d88', 'dc46db4d-fa3a-4c22-a64a-b5c07a94ebe6', '6dd4fe1c-0b01-4c64-a37c-124145568756', 0.5) ON CONFLICT DO NOTHING;
INSERT INTO period_criterion_outcome_maps (id, period_id, period_criterion_id, period_outcome_id, weight) VALUES ('bbe2b0c0-e175-41c3-81c0-d2a5e482a1c7', 'a0d6f60d-ece4-40f8-aca2-955b4abc5d88', 'dc46db4d-fa3a-4c22-a64a-b5c07a94ebe6', 'b944e980-ba4c-4de7-aa7a-9c5eceaa8753', 0.5) ON CONFLICT DO NOTHING;
INSERT INTO periods (id, organization_id, framework_id, name, season, is_current, is_locked, is_visible, poster_date, snapshot_frozen_at, start_date, end_date, description, updated_at) VALUES ('952dd05e-8ff2-44a7-a13b-9a22958f57fb', 'e802a6cb-6cfa-4a7c-aba6-2038490fb899', '0147d901-984d-44c1-a08f-94f919659596', 'Fall 2025', 'Fall', false, true, true, DATE '2025-12-20' - integer '14', ('2025-09-01'::timestamp), DATE '2025-12-18', DATE '2025-12-20', 'EE 491 Senior Design I mid-term evaluations and project progress reviews for the Fall 2025 semester.', timestamp '2025-09-01' + interval '2 days') ON CONFLICT DO NOTHING;
INSERT INTO period_criteria (id, period_id, source_criterion_id, key, label, short_label, max_score, weight, color, rubric_bands, sort_order) VALUES ('a436fb51-aa71-4afc-a9bf-2232d151fbaa', '952dd05e-8ff2-44a7-a13b-9a22958f57fb', 'c88501db-537c-448f-a967-fd759b41915b', 'technical', 'Technical Content & Innovation', 'Technical', 35, 35, '#F59E0B', '[{"level":"Excellent","min":31,"max":35,"range":"31–35","desc":"Exceptional technical depth: problem is framed as an engineering challenge, solution is innovative, and all design decisions cite appropriate standards or literature. Mastery of advanced tools/methods demonstrated."},{"level":"Good","min":24,"max":30,"range":"24–30","desc":"Strong technical quality. Design is clearly motivated and most decisions are justified. Some advanced methods applied correctly."},{"level":"Developing","min":14,"max":23,"range":"14–23","desc":"Problem statement is adequate but technical justification is inconsistent. Some decisions lack engineering rationale."},{"level":"Insufficient","min":0,"max":13,"range":"0–13","desc":"Technical content is superficial or incomplete. Problem is poorly defined and design decisions are not supported."}]', 1) ON CONFLICT DO NOTHING;
INSERT INTO period_criteria (id, period_id, source_criterion_id, key, label, short_label, max_score, weight, color, rubric_bands, sort_order) VALUES ('8cebf54b-97b4-493c-a837-4707d4828eae', '952dd05e-8ff2-44a7-a13b-9a22958f57fb', '91d2ee22-2b0f-48eb-ac87-5e1fed001650', 'design', 'Poster & Visual Communication', 'Poster', 30, 30, '#22C55E', '[{"level":"Excellent","min":27,"max":30,"range":"27–30","desc":"Poster is visually compelling and immediately communicates the project''s value proposition. Hierarchy of information is clear. Visuals are publication-quality and fully captioned."},{"level":"Good","min":21,"max":26,"range":"21–26","desc":"Poster communicates the project clearly. Information hierarchy is mostly followed with minor layout issues. Visuals are readable and mostly labelled."},{"level":"Developing","min":13,"max":20,"range":"13–20","desc":"Poster conveys basic information but visual hierarchy is unclear. Some visuals are low quality or uncaptioned. Reader effort required to follow the content."},{"level":"Insufficient","min":0,"max":12,"range":"0–12","desc":"Poster is difficult to read or visually disorganised. Key information is missing or misleading. Unlabelled or irrelevant visuals."}]', 2) ON CONFLICT DO NOTHING;
INSERT INTO period_criteria (id, period_id, source_criterion_id, key, label, short_label, max_score, weight, color, rubric_bands, sort_order) VALUES ('bb41dca1-a7d3-4fa8-a819-cd1d0c92bdf2', '952dd05e-8ff2-44a7-a13b-9a22958f57fb', '3a305bed-e865-444f-a3a3-c92302bd93cf', 'delivery', 'Oral Presentation', 'Oral', 25, 25, '#3B82F6', '[{"level":"Excellent","min":22,"max":25,"range":"22–25","desc":"Delivery is confident and well-timed. The team adapts explanations for the jury composition. All questions answered accurately with appropriate depth."},{"level":"Good","min":17,"max":21,"range":"17–21","desc":"Delivery is clear and mostly well-paced. Most questions answered correctly. Minor issues with time or audience adaptation."},{"level":"Developing","min":10,"max":16,"range":"10–16","desc":"Delivery is understandable but hesitant or poorly paced. Some questions partially answered. Limited engagement with the jury."},{"level":"Insufficient","min":0,"max":9,"range":"0–9","desc":"Delivery is unclear, rushed, or disorganised. Critical questions unanswered or incorrectly addressed."}]', 3) ON CONFLICT DO NOTHING;
INSERT INTO period_criteria (id, period_id, source_criterion_id, key, label, short_label, max_score, weight, color, rubric_bands, sort_order) VALUES ('ae079c87-3d0a-4aa9-ae5b-8966b4f38a57', '952dd05e-8ff2-44a7-a13b-9a22958f57fb', 'fda374b5-0bbf-41e3-ad46-29fe1491189b', 'teamwork', 'Teamwork', 'Teamwork', 10, 10, '#EF4444', '[{"level":"Excellent","min":9,"max":10,"range":"9–10","desc":"All members participate actively and equally. Professional and ethical conduct observed throughout."},{"level":"Good","min":7,"max":8,"range":"7–8","desc":"Most members contribute. Minor knowledge gaps. Professionalism mostly observed."},{"level":"Developing","min":4,"max":6,"range":"4–6","desc":"Uneven participation. Some members are passive or unprepared."},{"level":"Insufficient","min":0,"max":3,"range":"0–3","desc":"Very low participation or dominated by one person. Lack of professionalism observed."}]', 4) ON CONFLICT DO NOTHING;
INSERT INTO period_outcomes (id, period_id, source_outcome_id, code, label, sort_order) VALUES ('5540859d-dc89-4c3e-a121-c35d99f7e700', '952dd05e-8ff2-44a7-a13b-9a22958f57fb', 'af277367-f639-4c4d-a8c5-30a0ecd66e71', '1.2', 'Adequate knowledge in mathematics, science and engineering', 1) ON CONFLICT DO NOTHING;
INSERT INTO period_outcomes (id, period_id, source_outcome_id, code, label, sort_order) VALUES ('9a22f3d7-aba7-4f71-aca0-b958415dd611', '952dd05e-8ff2-44a7-a13b-9a22958f57fb', '2f2d65ff-1630-4400-a9e7-153e458bec4d', '2', 'Ability to formulate and solve complex engineering problems', 2) ON CONFLICT DO NOTHING;
INSERT INTO period_outcomes (id, period_id, source_outcome_id, code, label, sort_order) VALUES ('641e5d0b-4e04-4e55-a63b-7b51e55a8e52', '952dd05e-8ff2-44a7-a13b-9a22958f57fb', 'b2051f4f-495a-4917-af9c-4e6dcf36b33c', '3.1', 'Ability to design a complex system under realistic constraints', 3) ON CONFLICT DO NOTHING;
INSERT INTO period_outcomes (id, period_id, source_outcome_id, code, label, sort_order) VALUES ('8e1bcf3b-c58b-40c4-ab4b-7bb8a3e911c7', '952dd05e-8ff2-44a7-a13b-9a22958f57fb', '7ad8e211-7c0c-4a61-a980-9efc66d6fece', '3.2', 'Ability to apply modern design methods', 4) ON CONFLICT DO NOTHING;
INSERT INTO period_outcomes (id, period_id, source_outcome_id, code, label, sort_order) VALUES ('32a396df-6c49-4eec-aa7a-357963635238', '952dd05e-8ff2-44a7-a13b-9a22958f57fb', '7679cc95-f407-424e-a8d0-7f9d6cf70fed', '8.1', 'Ability to function effectively in teams', 5) ON CONFLICT DO NOTHING;
INSERT INTO period_outcomes (id, period_id, source_outcome_id, code, label, sort_order) VALUES ('56d1f0e3-35e3-41a0-a014-d3a95fdd3cc7', '952dd05e-8ff2-44a7-a13b-9a22958f57fb', '53b7fb91-c8a8-4fbf-a081-8393b09b260c', '9.1', 'Oral communication effectiveness', 6) ON CONFLICT DO NOTHING;
INSERT INTO period_outcomes (id, period_id, source_outcome_id, code, label, sort_order) VALUES ('43a90683-e96b-4ad5-a020-607e9833903a', '952dd05e-8ff2-44a7-a13b-9a22958f57fb', 'b641718c-6926-409a-a300-d18eabe03877', '9.2', 'Written communication effectiveness', 7) ON CONFLICT DO NOTHING;
INSERT INTO period_criterion_outcome_maps (id, period_id, period_criterion_id, period_outcome_id, weight) VALUES ('dde72698-507b-440e-a263-8161b42b4aac', '952dd05e-8ff2-44a7-a13b-9a22958f57fb', 'a436fb51-aa71-4afc-a9bf-2232d151fbaa', '5540859d-dc89-4c3e-a121-c35d99f7e700', 0.3) ON CONFLICT DO NOTHING;
INSERT INTO period_criterion_outcome_maps (id, period_id, period_criterion_id, period_outcome_id, weight) VALUES ('a71af754-d384-4dc3-95d4-a8d7a8bb5a44', '952dd05e-8ff2-44a7-a13b-9a22958f57fb', 'a436fb51-aa71-4afc-a9bf-2232d151fbaa', '9a22f3d7-aba7-4f71-aca0-b958415dd611', 0.4) ON CONFLICT DO NOTHING;
INSERT INTO period_criterion_outcome_maps (id, period_id, period_criterion_id, period_outcome_id, weight) VALUES ('aa5ff554-a380-4345-ad39-7c6b0fdd8c6c', '952dd05e-8ff2-44a7-a13b-9a22958f57fb', 'a436fb51-aa71-4afc-a9bf-2232d151fbaa', '641e5d0b-4e04-4e55-a63b-7b51e55a8e52', 0.3) ON CONFLICT DO NOTHING;
INSERT INTO period_criterion_outcome_maps (id, period_id, period_criterion_id, period_outcome_id, weight) VALUES ('f391aa73-0280-4e1c-a547-b8915be59805', '952dd05e-8ff2-44a7-a13b-9a22958f57fb', '8cebf54b-97b4-493c-a837-4707d4828eae', '8e1bcf3b-c58b-40c4-ab4b-7bb8a3e911c7', 0.5) ON CONFLICT DO NOTHING;
INSERT INTO period_criterion_outcome_maps (id, period_id, period_criterion_id, period_outcome_id, weight) VALUES ('85c4c3b2-efcc-42aa-a34b-4992b4569061', '952dd05e-8ff2-44a7-a13b-9a22958f57fb', '8cebf54b-97b4-493c-a837-4707d4828eae', '43a90683-e96b-4ad5-a020-607e9833903a', 0.5) ON CONFLICT DO NOTHING;
INSERT INTO period_criterion_outcome_maps (id, period_id, period_criterion_id, period_outcome_id, weight) VALUES ('af967561-8ebd-4933-aa01-5df0abcb6cd0', '952dd05e-8ff2-44a7-a13b-9a22958f57fb', 'bb41dca1-a7d3-4fa8-a819-cd1d0c92bdf2', '56d1f0e3-35e3-41a0-a014-d3a95fdd3cc7', 1.0) ON CONFLICT DO NOTHING;
INSERT INTO period_criterion_outcome_maps (id, period_id, period_criterion_id, period_outcome_id, weight) VALUES ('55130920-9b5f-46f2-92b6-ccef53dc0a34', '952dd05e-8ff2-44a7-a13b-9a22958f57fb', 'ae079c87-3d0a-4aa9-ae5b-8966b4f38a57', '32a396df-6c49-4eec-aa7a-357963635238', 1.0) ON CONFLICT DO NOTHING;
INSERT INTO periods (id, organization_id, framework_id, name, season, is_current, is_locked, is_visible, poster_date, snapshot_frozen_at, start_date, end_date, description, updated_at) VALUES ('e55e0820-93f2-487f-abaa-4ae64a77e93e', 'e802a6cb-6cfa-4a7c-aba6-2038490fb899', '0147d901-984d-44c1-a08f-94f919659596', 'Spring 2025', 'Spring', false, true, true, DATE '2025-06-15' - integer '14', ('2025-02-01'::timestamp), DATE '2025-06-13', DATE '2025-06-15', 'EE 491/492 Senior Design capstone evaluations for the Spring 2025 graduating cohort — poster day and final oral presentations.', timestamp '2025-02-01' + interval '2 days') ON CONFLICT DO NOTHING;
INSERT INTO period_criteria (id, period_id, source_criterion_id, key, label, short_label, max_score, weight, color, rubric_bands, sort_order) VALUES ('5c1f4f21-151a-4b22-a335-5ef961d9e99f', 'e55e0820-93f2-487f-abaa-4ae64a77e93e', 'c88501db-537c-448f-a967-fd759b41915b', 'technical', 'Technical Content', 'Technical', 30, 30, '#F59E0B', '[{"level":"Excellent","min":27,"max":30,"range":"27–30","desc":"Rigorous methodology is applied throughout. All technical decisions are traceable to engineering requirements or experimental results."},{"level":"Good","min":21,"max":26,"range":"21–26","desc":"Methodology is mostly sound. Key decisions are supported; minor gaps in documentation or justification."},{"level":"Developing","min":13,"max":20,"range":"13–20","desc":"Methodology described but lacking depth. Some decisions are made without full engineering analysis."},{"level":"Insufficient","min":0,"max":12,"range":"0–12","desc":"No discernible methodology. Technical decisions appear arbitrary or are largely absent."}]', 1) ON CONFLICT DO NOTHING;
INSERT INTO period_criteria (id, period_id, source_criterion_id, key, label, short_label, max_score, weight, color, rubric_bands, sort_order) VALUES ('15dca296-abd2-4fd9-adb3-ff2d66b91858', 'e55e0820-93f2-487f-abaa-4ae64a77e93e', '91d2ee22-2b0f-48eb-ac87-5e1fed001650', 'design', 'Written Communication', 'Written', 30, 30, '#22C55E', '[{"level":"Excellent","min":27,"max":30,"range":"27–30","desc":"Writing is precise, well-structured, and technically accurate throughout. Abstract and section headings guide the reader effectively. No significant grammatical errors."},{"level":"Good","min":21,"max":26,"range":"21–26","desc":"Writing is mostly clear and well-organised. Minor grammatical issues do not impede understanding. Technical accuracy is high."},{"level":"Developing","min":13,"max":20,"range":"13–20","desc":"Writing conveys the content but lacks precision. Some sections are unclear or poorly structured. Occasional technical inaccuracies."},{"level":"Insufficient","min":0,"max":12,"range":"0–12","desc":"Writing is unclear, poorly structured, or contains significant inaccuracies. Communication of technical content is substantially impaired."}]', 2) ON CONFLICT DO NOTHING;
INSERT INTO period_criteria (id, period_id, source_criterion_id, key, label, short_label, max_score, weight, color, rubric_bands, sort_order) VALUES ('01b94576-b441-4c66-ac35-be4aa17effa3', 'e55e0820-93f2-487f-abaa-4ae64a77e93e', '3a305bed-e865-444f-a3a3-c92302bd93cf', 'delivery', 'Oral Communication', 'Oral', 30, 30, '#3B82F6', '[{"level":"Excellent","min":27,"max":30,"range":"27–30","desc":"Fluent, structured delivery with effective time management. Team engages the jury with confidence. Q&A demonstrates full project ownership."},{"level":"Good","min":21,"max":26,"range":"21–26","desc":"Delivery is structured and mostly fluent. Most Q&A responses are accurate. Minor hesitation or time management issues."},{"level":"Developing","min":13,"max":20,"range":"13–20","desc":"Delivery is understandable but inconsistent in structure or pace. Some Q&A responses are incomplete or inaccurate."},{"level":"Insufficient","min":0,"max":12,"range":"0–12","desc":"Delivery is poorly structured or largely unclear. The jury cannot follow the presentation. Most Q&A responses are missing or incorrect."}]', 3) ON CONFLICT DO NOTHING;
INSERT INTO period_criteria (id, period_id, source_criterion_id, key, label, short_label, max_score, weight, color, rubric_bands, sort_order) VALUES ('7a7a05a9-ac9c-402d-aa04-6a07b69dccde', 'e55e0820-93f2-487f-abaa-4ae64a77e93e', 'fda374b5-0bbf-41e3-ad46-29fe1491189b', 'teamwork', 'Team Collaboration', 'Team', 10, 10, '#EF4444', '[{"level":"Excellent","min":9,"max":10,"range":"9–10","desc":"Equal contribution from all members. Clear role delegation and ethical conduct throughout."},{"level":"Good","min":7,"max":8,"range":"7–8","desc":"Most members are engaged. Task distribution is reasonable with minor gaps."},{"level":"Developing","min":4,"max":6,"range":"4–6","desc":"One or two members disproportionately lead. Others contribute minimally."},{"level":"Insufficient","min":0,"max":3,"range":"0–3","desc":"Minimal team cohesion. Roles are unclear or one member dominates entirely."}]', 4) ON CONFLICT DO NOTHING;
INSERT INTO period_outcomes (id, period_id, source_outcome_id, code, label, sort_order) VALUES ('1ddcbde6-b6f1-4d4f-a199-b004b69c6aab', 'e55e0820-93f2-487f-abaa-4ae64a77e93e', 'af277367-f639-4c4d-a8c5-30a0ecd66e71', '1.2', 'Adequate knowledge in mathematics, science and engineering', 1) ON CONFLICT DO NOTHING;
INSERT INTO period_outcomes (id, period_id, source_outcome_id, code, label, sort_order) VALUES ('ab5fd3b2-5ea8-4412-afb4-18055a1b4086', 'e55e0820-93f2-487f-abaa-4ae64a77e93e', '2f2d65ff-1630-4400-a9e7-153e458bec4d', '2', 'Ability to formulate and solve complex engineering problems', 2) ON CONFLICT DO NOTHING;
INSERT INTO period_outcomes (id, period_id, source_outcome_id, code, label, sort_order) VALUES ('426a0f43-f7ee-4974-a843-0d86b502cdd3', 'e55e0820-93f2-487f-abaa-4ae64a77e93e', 'b2051f4f-495a-4917-af9c-4e6dcf36b33c', '3.1', 'Ability to design a complex system under realistic constraints', 3) ON CONFLICT DO NOTHING;
INSERT INTO period_outcomes (id, period_id, source_outcome_id, code, label, sort_order) VALUES ('7990110c-531a-4a1c-a698-1beb5db0c2e6', 'e55e0820-93f2-487f-abaa-4ae64a77e93e', '7679cc95-f407-424e-a8d0-7f9d6cf70fed', '8.1', 'Ability to function effectively in teams', 4) ON CONFLICT DO NOTHING;
INSERT INTO period_outcomes (id, period_id, source_outcome_id, code, label, sort_order) VALUES ('effabf50-5ebc-48e3-a15e-55d277014a0d', 'e55e0820-93f2-487f-abaa-4ae64a77e93e', 'f4b7e7da-4550-43eb-a884-0b5d8d9cf1b2', '8.2', 'Ability to work in multi-disciplinary teams', 5) ON CONFLICT DO NOTHING;
INSERT INTO period_outcomes (id, period_id, source_outcome_id, code, label, sort_order) VALUES ('92d66d58-c371-4781-a111-5fefeda53407', 'e55e0820-93f2-487f-abaa-4ae64a77e93e', '53b7fb91-c8a8-4fbf-a081-8393b09b260c', '9.1', 'Oral communication effectiveness', 6) ON CONFLICT DO NOTHING;
INSERT INTO period_outcomes (id, period_id, source_outcome_id, code, label, sort_order) VALUES ('8d871812-05de-4a0a-a7b3-e7e66c7edf72', 'e55e0820-93f2-487f-abaa-4ae64a77e93e', 'b641718c-6926-409a-a300-d18eabe03877', '9.2', 'Written communication effectiveness', 7) ON CONFLICT DO NOTHING;
INSERT INTO period_criterion_outcome_maps (id, period_id, period_criterion_id, period_outcome_id, weight) VALUES ('65231f6b-cd4e-4de2-be9b-d6ddfa4b3270', 'e55e0820-93f2-487f-abaa-4ae64a77e93e', '5c1f4f21-151a-4b22-a335-5ef961d9e99f', '1ddcbde6-b6f1-4d4f-a199-b004b69c6aab', 0.33) ON CONFLICT DO NOTHING;
INSERT INTO period_criterion_outcome_maps (id, period_id, period_criterion_id, period_outcome_id, weight) VALUES ('dd59d28c-edf3-43f9-be24-9e34569e9f73', 'e55e0820-93f2-487f-abaa-4ae64a77e93e', '5c1f4f21-151a-4b22-a335-5ef961d9e99f', 'ab5fd3b2-5ea8-4412-afb4-18055a1b4086', 0.34) ON CONFLICT DO NOTHING;
INSERT INTO period_criterion_outcome_maps (id, period_id, period_criterion_id, period_outcome_id, weight) VALUES ('d4069a88-b908-4f87-92d1-4399cba6dc0d', 'e55e0820-93f2-487f-abaa-4ae64a77e93e', '5c1f4f21-151a-4b22-a335-5ef961d9e99f', '426a0f43-f7ee-4974-a843-0d86b502cdd3', 0.33) ON CONFLICT DO NOTHING;
INSERT INTO period_criterion_outcome_maps (id, period_id, period_criterion_id, period_outcome_id, weight) VALUES ('b694d95d-2aa8-4e4b-a8d0-d844fcb4813b', 'e55e0820-93f2-487f-abaa-4ae64a77e93e', '15dca296-abd2-4fd9-adb3-ff2d66b91858', '8d871812-05de-4a0a-a7b3-e7e66c7edf72', 0.7) ON CONFLICT DO NOTHING;
INSERT INTO period_criterion_outcome_maps (id, period_id, period_criterion_id, period_outcome_id, weight) VALUES ('61471d4e-493b-45f7-a7b6-1666172f3a0b', 'e55e0820-93f2-487f-abaa-4ae64a77e93e', '15dca296-abd2-4fd9-adb3-ff2d66b91858', '426a0f43-f7ee-4974-a843-0d86b502cdd3', 0.3) ON CONFLICT DO NOTHING;
INSERT INTO period_criterion_outcome_maps (id, period_id, period_criterion_id, period_outcome_id, weight) VALUES ('9b991820-aaa6-4aca-af96-0f860827b661', 'e55e0820-93f2-487f-abaa-4ae64a77e93e', '01b94576-b441-4c66-ac35-be4aa17effa3', '92d66d58-c371-4781-a111-5fefeda53407', 1.0) ON CONFLICT DO NOTHING;
INSERT INTO period_criterion_outcome_maps (id, period_id, period_criterion_id, period_outcome_id, weight) VALUES ('a93c02f8-c08e-41bf-be79-7d1d3e2d7305', 'e55e0820-93f2-487f-abaa-4ae64a77e93e', '7a7a05a9-ac9c-402d-aa04-6a07b69dccde', '7990110c-531a-4a1c-a698-1beb5db0c2e6', 0.5) ON CONFLICT DO NOTHING;
INSERT INTO period_criterion_outcome_maps (id, period_id, period_criterion_id, period_outcome_id, weight) VALUES ('7abf5398-e2ed-4ffe-bd51-dd986152d548', 'e55e0820-93f2-487f-abaa-4ae64a77e93e', '7a7a05a9-ac9c-402d-aa04-6a07b69dccde', 'effabf50-5ebc-48e3-a15e-55d277014a0d', 0.5) ON CONFLICT DO NOTHING;
INSERT INTO periods (id, organization_id, framework_id, name, season, is_current, is_locked, is_visible, poster_date, snapshot_frozen_at, start_date, end_date, description, updated_at) VALUES ('10078594-2707-4c3f-a212-42add04fbd84', 'e802a6cb-6cfa-4a7c-aba6-2038490fb899', '0147d901-984d-44c1-a08f-94f919659596', 'Fall 2024', 'Fall', false, true, true, DATE '2025-01-15' - integer '14', ('2024-09-01'::timestamp), DATE '2025-01-13', DATE '2025-01-15', 'EE 491 Senior Design I mid-term evaluations and project progress reviews for the Fall 2024 semester.', timestamp '2024-09-01' + interval '2 days') ON CONFLICT DO NOTHING;
INSERT INTO period_criteria (id, period_id, source_criterion_id, key, label, short_label, max_score, weight, color, rubric_bands, sort_order) VALUES ('0feebb9e-7f45-4128-a54b-5d8d078d7694', '10078594-2707-4c3f-a212-42add04fbd84', 'c88501db-537c-448f-a967-fd759b41915b', 'technical', 'Technical Content', 'Technical', 30, 30, '#F59E0B', '[{"level":"Excellent","min":27,"max":30,"range":"27–30","desc":"Strong foundational understanding demonstrated. Technical decisions are correctly motivated by established engineering principles."},{"level":"Good","min":21,"max":26,"range":"21–26","desc":"Solid understanding of core principles. Most decisions are correct; minor misconceptions or gaps present."},{"level":"Developing","min":13,"max":20,"range":"13–20","desc":"Basic understanding evident but key concepts are applied incorrectly or incompletely."},{"level":"Insufficient","min":0,"max":12,"range":"0–12","desc":"Fundamental misunderstandings of core technical concepts. Design has critical flaws."}]', 1) ON CONFLICT DO NOTHING;
INSERT INTO period_criteria (id, period_id, source_criterion_id, key, label, short_label, max_score, weight, color, rubric_bands, sort_order) VALUES ('499fa39c-6170-4adb-a41b-18f3f16b2aff', '10078594-2707-4c3f-a212-42add04fbd84', '91d2ee22-2b0f-48eb-ac87-5e1fed001650', 'design', 'Written Communication', 'Written', 30, 30, '#22C55E', '[{"level":"Excellent","min":27,"max":30,"range":"27–30","desc":"Report follows a clear and logical structure. All required sections are present and complete. References are correctly cited and consistent."},{"level":"Good","min":21,"max":26,"range":"21–26","desc":"Report structure is mostly correct. Required sections present with minor omissions. References mostly consistent."},{"level":"Developing","min":13,"max":20,"range":"13–20","desc":"Report structure is partially correct. Some required sections are missing or incomplete. Inconsistent referencing."},{"level":"Insufficient","min":0,"max":12,"range":"0–12","desc":"Report structure is poor or largely non-conforming. Major sections missing. No or incorrect referencing."}]', 2) ON CONFLICT DO NOTHING;
INSERT INTO period_criteria (id, period_id, source_criterion_id, key, label, short_label, max_score, weight, color, rubric_bands, sort_order) VALUES ('649147ea-84e0-46dc-ad4d-18d33ed8d7ff', '10078594-2707-4c3f-a212-42add04fbd84', '3a305bed-e865-444f-a3a3-c92302bd93cf', 'delivery', 'Oral Communication', 'Oral', 30, 30, '#3B82F6', '[{"level":"Excellent","min":27,"max":30,"range":"27–30","desc":"Presentation demonstrates clear understanding of project goals and outcomes. Team members field questions from all areas competently."},{"level":"Good","min":21,"max":26,"range":"21–26","desc":"Presentation is competent. Most sections are clear. Team answers most questions correctly with minor gaps."},{"level":"Developing","min":13,"max":20,"range":"13–20","desc":"Presentation covers main points but lacks clarity in some areas. Q&A reveals knowledge gaps in certain sections."},{"level":"Insufficient","min":0,"max":12,"range":"0–12","desc":"Presentation is unclear or incomplete. Significant gaps in understanding revealed during Q&A."}]', 3) ON CONFLICT DO NOTHING;
INSERT INTO period_criteria (id, period_id, source_criterion_id, key, label, short_label, max_score, weight, color, rubric_bands, sort_order) VALUES ('2c2eb619-5709-41d6-a377-8d3b963a6ea3', '10078594-2707-4c3f-a212-42add04fbd84', 'fda374b5-0bbf-41e3-ad46-29fe1491189b', 'teamwork', 'Teamwork', 'Teamwork', 10, 10, '#EF4444', '[{"level":"Excellent","min":9,"max":10,"range":"9–10","desc":"Exceptional collaboration. All members demonstrate technical ownership of their parts."},{"level":"Good","min":7,"max":8,"range":"7–8","desc":"Solid team coordination. Most members can answer questions about all parts of the project."},{"level":"Developing","min":4,"max":6,"range":"4–6","desc":"Team dynamics are uneven. Some members cannot answer questions outside their area."},{"level":"Insufficient","min":0,"max":3,"range":"0–3","desc":"Poor collaboration. Major knowledge gaps across team. Lack of professional conduct."}]', 4) ON CONFLICT DO NOTHING;
INSERT INTO period_outcomes (id, period_id, source_outcome_id, code, label, sort_order) VALUES ('d1bc9bb5-a616-47cb-a58f-760be6b7b794', '10078594-2707-4c3f-a212-42add04fbd84', 'af277367-f639-4c4d-a8c5-30a0ecd66e71', '1.2', 'Adequate knowledge in mathematics, science and engineering', 1) ON CONFLICT DO NOTHING;
INSERT INTO period_outcomes (id, period_id, source_outcome_id, code, label, sort_order) VALUES ('3ac1197e-3525-477b-a063-836d20318368', '10078594-2707-4c3f-a212-42add04fbd84', '2f2d65ff-1630-4400-a9e7-153e458bec4d', '2', 'Ability to formulate and solve complex engineering problems', 2) ON CONFLICT DO NOTHING;
INSERT INTO period_outcomes (id, period_id, source_outcome_id, code, label, sort_order) VALUES ('4d11b549-ca87-44a6-a899-b623d823ef99', '10078594-2707-4c3f-a212-42add04fbd84', 'b2051f4f-495a-4917-af9c-4e6dcf36b33c', '3.1', 'Ability to design a complex system under realistic constraints', 3) ON CONFLICT DO NOTHING;
INSERT INTO period_outcomes (id, period_id, source_outcome_id, code, label, sort_order) VALUES ('cfffe57a-fea6-49da-ab48-d820fd7af0b1', '10078594-2707-4c3f-a212-42add04fbd84', '7679cc95-f407-424e-a8d0-7f9d6cf70fed', '8.1', 'Ability to function effectively in teams', 4) ON CONFLICT DO NOTHING;
INSERT INTO period_outcomes (id, period_id, source_outcome_id, code, label, sort_order) VALUES ('efe86548-2e2b-462d-ad1e-ed3b42bbfd33', '10078594-2707-4c3f-a212-42add04fbd84', '53b7fb91-c8a8-4fbf-a081-8393b09b260c', '9.1', 'Oral communication effectiveness', 5) ON CONFLICT DO NOTHING;
INSERT INTO period_criterion_outcome_maps (id, period_id, period_criterion_id, period_outcome_id, weight) VALUES ('ff193d94-68e5-4eb8-a473-a56401e9af88', '10078594-2707-4c3f-a212-42add04fbd84', '0feebb9e-7f45-4128-a54b-5d8d078d7694', 'd1bc9bb5-a616-47cb-a58f-760be6b7b794', 0.5) ON CONFLICT DO NOTHING;
INSERT INTO period_criterion_outcome_maps (id, period_id, period_criterion_id, period_outcome_id, weight) VALUES ('d5ccf1a7-893b-4392-a9ad-bad2caa914cf', '10078594-2707-4c3f-a212-42add04fbd84', '0feebb9e-7f45-4128-a54b-5d8d078d7694', '3ac1197e-3525-477b-a063-836d20318368', 0.5) ON CONFLICT DO NOTHING;
INSERT INTO period_criterion_outcome_maps (id, period_id, period_criterion_id, period_outcome_id, weight) VALUES ('7d36fb86-37f2-4721-af35-343095967632', '10078594-2707-4c3f-a212-42add04fbd84', '499fa39c-6170-4adb-a41b-18f3f16b2aff', '4d11b549-ca87-44a6-a899-b623d823ef99', 0.5) ON CONFLICT DO NOTHING;
INSERT INTO period_criterion_outcome_maps (id, period_id, period_criterion_id, period_outcome_id, weight) VALUES ('5afbb175-5e0e-4836-b683-6d5867cfa522', '10078594-2707-4c3f-a212-42add04fbd84', '499fa39c-6170-4adb-a41b-18f3f16b2aff', 'd1bc9bb5-a616-47cb-a58f-760be6b7b794', 0.5) ON CONFLICT DO NOTHING;
INSERT INTO period_criterion_outcome_maps (id, period_id, period_criterion_id, period_outcome_id, weight) VALUES ('74d01f0c-8262-46e0-a99a-bfe88914c6d3', '10078594-2707-4c3f-a212-42add04fbd84', '649147ea-84e0-46dc-ad4d-18d33ed8d7ff', 'efe86548-2e2b-462d-ad1e-ed3b42bbfd33', 1.0) ON CONFLICT DO NOTHING;
INSERT INTO period_criterion_outcome_maps (id, period_id, period_criterion_id, period_outcome_id, weight) VALUES ('477f2929-dc0d-4f61-b7a0-ec1b6bb7c704', '10078594-2707-4c3f-a212-42add04fbd84', '2c2eb619-5709-41d6-a377-8d3b963a6ea3', 'cfffe57a-fea6-49da-ab48-d820fd7af0b1', 1.0) ON CONFLICT DO NOTHING;
INSERT INTO periods (id, organization_id, framework_id, name, season, is_current, is_locked, is_visible, poster_date, snapshot_frozen_at, start_date, end_date, description, updated_at) VALUES ('e14683dc-6ac1-4c73-a2cb-da24e9e4f45f', 'b94595d6-710c-4302-ad1b-11f4d216e028', 'efe329b2-0a62-4279-a7d1-627abe557321', 'Spring 2026', 'Spring', true, false, true, DATE '2026-06-15' - integer '14', ('2026-02-01'::timestamp + interval '1 day'), DATE '2026-06-13', DATE '2026-06-15', 'CS Senior Capstone final evaluations for Spring 2026 — multi-juror assessment of system design, implementation, and presentation quality.', timestamp '2026-02-01' + interval '2 days') ON CONFLICT DO NOTHING;
INSERT INTO period_criteria (id, period_id, source_criterion_id, key, label, short_label, max_score, weight, color, rubric_bands, sort_order) VALUES ('684fe08e-8aeb-4069-a864-a800f0e007aa', 'e14683dc-6ac1-4c73-a2cb-da24e9e4f45f', '93a2a9b8-de26-4fbb-a805-d7134bc8a55f', 'problem_solving', 'Problem Scoping', 'Prob Scope', 25, 25, '#8B5CF6', '[{"level":"Excellent","min":22,"max":25,"range":"22–25","desc":"Problem is rigorously scoped with clear constraints, stakeholder analysis, and measurable success criteria. Literature review is thorough and relevant."},{"level":"Good","min":17,"max":21,"range":"17–21","desc":"Problem scope is well-defined. Constraints and success criteria are identified. Literature review is mostly complete."},{"level":"Developing","min":10,"max":16,"range":"10–16","desc":"Problem is described but scoping is incomplete. Some constraints or success criteria are missing. Limited literature review."},{"level":"Insufficient","min":0,"max":9,"range":"0–9","desc":"Problem is poorly or ambiguously defined. Constraints and success criteria are absent. No meaningful literature review."}]', 1) ON CONFLICT DO NOTHING;
INSERT INTO period_criteria (id, period_id, source_criterion_id, key, label, short_label, max_score, weight, color, rubric_bands, sort_order) VALUES ('6ddc3532-8a5c-41f0-a01c-80467a94d895', 'e14683dc-6ac1-4c73-a2cb-da24e9e4f45f', '7283938c-881e-46e5-a432-793287f19248', 'system_design', 'Solution Design', 'Sol Design', 25, 25, '#F59E0B', '[{"level":"Excellent","min":22,"max":25,"range":"22–25","desc":"Design is creative, feasible, and fully addresses all requirements. Trade-offs between alternatives are explicitly analysed. Design is well-documented."},{"level":"Good","min":17,"max":21,"range":"17–21","desc":"Design addresses most requirements with clear rationale. Some alternative considered. Documentation mostly complete."},{"level":"Developing","min":10,"max":16,"range":"10–16","desc":"Design is presented but rationale is incomplete. Limited analysis of alternatives. Some requirements not addressed."},{"level":"Insufficient","min":0,"max":9,"range":"0–9","desc":"Design is vague, incomplete, or does not address key requirements. No alternatives considered."}]', 2) ON CONFLICT DO NOTHING;
INSERT INTO period_criteria (id, period_id, source_criterion_id, key, label, short_label, max_score, weight, color, rubric_bands, sort_order) VALUES ('df2ffbe9-f3d9-4636-aa1a-2208d49f12d6', 'e14683dc-6ac1-4c73-a2cb-da24e9e4f45f', 'c2a960c2-ec12-409c-a49b-14ac9f66a451', 'implementation_quality', 'Implementation', 'Impl', 20, 20, '#22C55E', '[{"level":"Excellent","min":17,"max":20,"range":"17–20","desc":"Implementation is complete and fully functional. Code/hardware is well-organised and meets all specified requirements. Testing is comprehensive."},{"level":"Good","min":13,"max":16,"range":"13–16","desc":"Implementation is mostly complete. Core functionality works. Minor issues in organisation or testing coverage."},{"level":"Developing","min":8,"max":12,"range":"8–12","desc":"Implementation is partially complete. Core functionality is present but some features are missing or buggy."},{"level":"Insufficient","min":0,"max":7,"range":"0–7","desc":"Implementation is largely incomplete or non-functional. Major features missing."}]', 3) ON CONFLICT DO NOTHING;
INSERT INTO period_criteria (id, period_id, source_criterion_id, key, label, short_label, max_score, weight, color, rubric_bands, sort_order) VALUES ('fb8af623-bf3b-4522-a586-ff6e8bfec072', 'e14683dc-6ac1-4c73-a2cb-da24e9e4f45f', 'cba29dca-3ee3-4e5a-a78a-44034a059a9a', 'communication', 'Communication', 'Comm', 20, 20, '#3B82F6', '[{"level":"Excellent","min":17,"max":20,"range":"17–20","desc":"Communication is clear, professional, and well-structured. All technical and non-technical audiences are served effectively. Documentation is complete."},{"level":"Good","min":13,"max":16,"range":"13–16","desc":"Communication is mostly clear. Minor gaps in clarity or audience adaptation. Documentation mostly complete."},{"level":"Developing","min":8,"max":12,"range":"8–12","desc":"Communication is understandable but inconsistent. Some sections unclear. Documentation incomplete."},{"level":"Insufficient","min":0,"max":7,"range":"0–7","desc":"Communication is poor or unclear. Audience needs are not served. Documentation substantially incomplete."}]', 4) ON CONFLICT DO NOTHING;
INSERT INTO period_criteria (id, period_id, source_criterion_id, key, label, short_label, max_score, weight, color, rubric_bands, sort_order) VALUES ('d503371e-a85d-4eea-ad83-a91291cf4297', 'e14683dc-6ac1-4c73-a2cb-da24e9e4f45f', 'a0ce2f65-e11f-427c-ab49-6806b15b6ffe', 'teamwork', 'Teamwork & Ethics', 'Team', 10, 10, '#EF4444', '[{"level":"Excellent","min":9,"max":10,"range":"9–10","desc":"All members participate actively and equally. Professional and ethical conduct observed throughout."},{"level":"Good","min":7,"max":8,"range":"7–8","desc":"Most members contribute. Minor knowledge gaps. Professionalism mostly observed."},{"level":"Developing","min":4,"max":6,"range":"4–6","desc":"Uneven participation. Some members are passive or unprepared."},{"level":"Insufficient","min":0,"max":3,"range":"0–3","desc":"Very low participation or dominated by one person. Lack of professionalism observed."}]', 5) ON CONFLICT DO NOTHING;
INSERT INTO period_outcomes (id, period_id, source_outcome_id, code, label, sort_order) VALUES ('a5bea604-8463-4929-a46c-5bb1568d684c', 'e14683dc-6ac1-4c73-a2cb-da24e9e4f45f', '0c61d3b2-4098-4181-a0a9-af00ccddd55f', 'SO-1', 'Complex Problem Solving', 1) ON CONFLICT DO NOTHING;
INSERT INTO period_outcomes (id, period_id, source_outcome_id, code, label, sort_order) VALUES ('f98bcdd3-1be4-47da-a10c-28fa45161475', 'e14683dc-6ac1-4c73-a2cb-da24e9e4f45f', '4ed4e517-5b27-4f61-a16b-6d7b86d2d592', 'SO-2', 'Engineering Design', 2) ON CONFLICT DO NOTHING;
INSERT INTO period_outcomes (id, period_id, source_outcome_id, code, label, sort_order) VALUES ('c31f07bb-2e21-4d89-a542-cfc86ca434f1', 'e14683dc-6ac1-4c73-a2cb-da24e9e4f45f', 'cc92ffdb-deee-4b4a-ad3f-ab54b9a16df3', 'SO-3', 'Effective Communication', 3) ON CONFLICT DO NOTHING;
INSERT INTO period_outcomes (id, period_id, source_outcome_id, code, label, sort_order) VALUES ('ee585ca5-4680-4e2f-ab04-4fb5f2dde220', 'e14683dc-6ac1-4c73-a2cb-da24e9e4f45f', 'f4f08ca1-e5f1-4cc9-aa5f-a308966a9375', 'SO-4', 'Ethics and Professional Responsibility', 4) ON CONFLICT DO NOTHING;
INSERT INTO period_outcomes (id, period_id, source_outcome_id, code, label, sort_order) VALUES ('80a7db51-917f-4e0c-a071-af18588c6805', 'e14683dc-6ac1-4c73-a2cb-da24e9e4f45f', 'f9c945a1-24f5-4ab1-abad-9a35a116c09c', 'SO-5', 'Teamwork', 5) ON CONFLICT DO NOTHING;
INSERT INTO period_outcomes (id, period_id, source_outcome_id, code, label, sort_order) VALUES ('0043ad29-4368-4796-aaf9-1a2251ab364e', 'e14683dc-6ac1-4c73-a2cb-da24e9e4f45f', 'e55ec114-ecd9-4bbc-acb2-56ddbb255ee3', 'SO-6', 'Experimentation and Analysis', 6) ON CONFLICT DO NOTHING;
INSERT INTO period_outcomes (id, period_id, source_outcome_id, code, label, sort_order) VALUES ('e22d4bf3-d469-4d5c-a28b-1e5086638c17', 'e14683dc-6ac1-4c73-a2cb-da24e9e4f45f', '293b2e58-626c-4a8a-afab-c4827d6888ae', 'SO-7', 'Lifelong Learning', 7) ON CONFLICT DO NOTHING;
INSERT INTO period_criterion_outcome_maps (id, period_id, period_criterion_id, period_outcome_id, weight) VALUES ('9fbe3d93-2da3-4af9-951b-1d5196f37cc8', 'e14683dc-6ac1-4c73-a2cb-da24e9e4f45f', '684fe08e-8aeb-4069-a864-a800f0e007aa', 'a5bea604-8463-4929-a46c-5bb1568d684c', 0.5) ON CONFLICT DO NOTHING;
INSERT INTO period_criterion_outcome_maps (id, period_id, period_criterion_id, period_outcome_id, weight) VALUES ('c72adaf1-8eac-432d-a835-be19c6431088', 'e14683dc-6ac1-4c73-a2cb-da24e9e4f45f', '684fe08e-8aeb-4069-a864-a800f0e007aa', '0043ad29-4368-4796-aaf9-1a2251ab364e', 0.5) ON CONFLICT DO NOTHING;
INSERT INTO period_criterion_outcome_maps (id, period_id, period_criterion_id, period_outcome_id, weight) VALUES ('d8650eb7-6492-47eb-9984-8f5f967f5599', 'e14683dc-6ac1-4c73-a2cb-da24e9e4f45f', '6ddc3532-8a5c-41f0-a01c-80467a94d895', 'f98bcdd3-1be4-47da-a10c-28fa45161475', 0.6) ON CONFLICT DO NOTHING;
INSERT INTO period_criterion_outcome_maps (id, period_id, period_criterion_id, period_outcome_id, weight) VALUES ('8424b64f-c0bc-4949-8152-2fc3e4dd6c0e', 'e14683dc-6ac1-4c73-a2cb-da24e9e4f45f', '6ddc3532-8a5c-41f0-a01c-80467a94d895', 'a5bea604-8463-4929-a46c-5bb1568d684c', 0.4) ON CONFLICT DO NOTHING;
INSERT INTO period_criterion_outcome_maps (id, period_id, period_criterion_id, period_outcome_id, weight) VALUES ('711906a5-e38e-4ea1-b79e-1aabdbad8653', 'e14683dc-6ac1-4c73-a2cb-da24e9e4f45f', 'df2ffbe9-f3d9-4636-aa1a-2208d49f12d6', 'f98bcdd3-1be4-47da-a10c-28fa45161475', 0.5) ON CONFLICT DO NOTHING;
INSERT INTO period_criterion_outcome_maps (id, period_id, period_criterion_id, period_outcome_id, weight) VALUES ('0e724a87-271e-4ffd-92b0-bcf159376716', 'e14683dc-6ac1-4c73-a2cb-da24e9e4f45f', 'df2ffbe9-f3d9-4636-aa1a-2208d49f12d6', '0043ad29-4368-4796-aaf9-1a2251ab364e', 0.5) ON CONFLICT DO NOTHING;
INSERT INTO period_criterion_outcome_maps (id, period_id, period_criterion_id, period_outcome_id, weight) VALUES ('d1dd9e23-d197-4983-9a8b-76b5e54ea5eb', 'e14683dc-6ac1-4c73-a2cb-da24e9e4f45f', 'fb8af623-bf3b-4522-a586-ff6e8bfec072', 'c31f07bb-2e21-4d89-a542-cfc86ca434f1', 0.6) ON CONFLICT DO NOTHING;
INSERT INTO period_criterion_outcome_maps (id, period_id, period_criterion_id, period_outcome_id, weight) VALUES ('5470c7d3-ec50-4466-8f1d-531cc716ef5f', 'e14683dc-6ac1-4c73-a2cb-da24e9e4f45f', 'fb8af623-bf3b-4522-a586-ff6e8bfec072', 'e22d4bf3-d469-4d5c-a28b-1e5086638c17', 0.4) ON CONFLICT DO NOTHING;
INSERT INTO period_criterion_outcome_maps (id, period_id, period_criterion_id, period_outcome_id, weight) VALUES ('65208c25-65b4-4851-9242-51ecec400501', 'e14683dc-6ac1-4c73-a2cb-da24e9e4f45f', 'd503371e-a85d-4eea-ad83-a91291cf4297', 'ee585ca5-4680-4e2f-ab04-4fb5f2dde220', 0.5) ON CONFLICT DO NOTHING;
INSERT INTO period_criterion_outcome_maps (id, period_id, period_criterion_id, period_outcome_id, weight) VALUES ('480a2aa8-78da-4cce-b94b-baa7cb7b19b1', 'e14683dc-6ac1-4c73-a2cb-da24e9e4f45f', 'd503371e-a85d-4eea-ad83-a91291cf4297', '80a7db51-917f-4e0c-a071-af18588c6805', 0.5) ON CONFLICT DO NOTHING;
INSERT INTO periods (id, organization_id, framework_id, name, season, is_current, is_locked, is_visible, poster_date, snapshot_frozen_at, start_date, end_date, description, updated_at) VALUES ('b90e1112-88c7-44fa-a275-25bc0ad2d96d', 'b94595d6-710c-4302-ad1b-11f4d216e028', 'efe329b2-0a62-4279-a7d1-627abe557321', 'Fall 2025', 'Fall', false, true, true, DATE '2025-12-20' - integer '14', ('2025-09-01'::timestamp), DATE '2025-12-18', DATE '2025-12-20', 'CS Senior Capstone mid-cycle evaluations for Fall 2025 — progress review and technical depth assessment.', timestamp '2025-09-01' + interval '2 days') ON CONFLICT DO NOTHING;
INSERT INTO period_criteria (id, period_id, source_criterion_id, key, label, short_label, max_score, weight, color, rubric_bands, sort_order) VALUES ('b9f1f35c-7929-412b-a2c3-63e14ab7e9d0', 'b90e1112-88c7-44fa-a275-25bc0ad2d96d', '93a2a9b8-de26-4fbb-a805-d7134bc8a55f', 'problem_solving', 'Problem Analysis & Scoping', 'Problem Analysis', 30, 30, '#8B5CF6', '[{"level":"Excellent","min":26,"max":30,"range":"26–30","desc":"Comprehensive problem analysis: stakeholders, constraints, competing requirements, and edge cases are all identified and justified. Demonstrates advanced systems thinking."},{"level":"Good","min":20,"max":25,"range":"20–25","desc":"Thorough problem analysis with clear constraints and stakeholder needs. Some advanced analysis present."},{"level":"Developing","min":12,"max":19,"range":"12–19","desc":"Problem analysis covers the basics but misses key constraints or stakeholder perspectives."},{"level":"Insufficient","min":0,"max":11,"range":"0–11","desc":"Problem is superficially described. Major gaps in analysis, constraints, or stakeholder identification."}]', 1) ON CONFLICT DO NOTHING;
INSERT INTO period_criteria (id, period_id, source_criterion_id, key, label, short_label, max_score, weight, color, rubric_bands, sort_order) VALUES ('d3dd5fe2-d521-4a2a-ae2b-bb11b6fa0902', 'b90e1112-88c7-44fa-a275-25bc0ad2d96d', '7283938c-881e-46e5-a432-793287f19248', 'system_design', 'Solution Architecture', 'Architecture', 20, 20, '#F59E0B', '[{"level":"Excellent","min":17,"max":20,"range":"17–20","desc":"Architecture is well-structured with clear component interfaces. Design justification is based on trade-off analysis."},{"level":"Good","min":13,"max":16,"range":"13–16","desc":"Architecture is mostly clear. Component roles are defined. Some justification provided."},{"level":"Developing","min":8,"max":12,"range":"8–12","desc":"Architecture is described but interfaces or interactions are unclear. Limited justification."},{"level":"Insufficient","min":0,"max":7,"range":"0–7","desc":"Architecture is poorly defined or missing. Component responsibilities are unclear."}]', 2) ON CONFLICT DO NOTHING;
INSERT INTO period_criteria (id, period_id, source_criterion_id, key, label, short_label, max_score, weight, color, rubric_bands, sort_order) VALUES ('2a39ada5-da79-4403-aec0-8299b6747419', 'b90e1112-88c7-44fa-a275-25bc0ad2d96d', 'c2a960c2-ec12-409c-a49b-14ac9f66a451', 'implementation_quality', 'Implementation Quality', 'Impl Quality', 25, 25, '#22C55E', '[{"level":"Excellent","min":22,"max":25,"range":"22–25","desc":"High-quality implementation: well-structured, fully functional, and thoroughly tested. Performance meets or exceeds requirements. Code/design is maintainable."},{"level":"Good","min":17,"max":21,"range":"17–21","desc":"Solid implementation. Most functionality complete and tested. Minor quality or performance issues."},{"level":"Developing","min":10,"max":16,"range":"10–16","desc":"Implementation has core functionality but significant gaps in testing or quality. Some features incomplete."},{"level":"Insufficient","min":0,"max":9,"range":"0–9","desc":"Implementation is substantially incomplete. Major functionality missing or non-functional."}]', 3) ON CONFLICT DO NOTHING;
INSERT INTO period_criteria (id, period_id, source_criterion_id, key, label, short_label, max_score, weight, color, rubric_bands, sort_order) VALUES ('26a1a51f-ab67-405d-a737-b184d060edb8', 'b90e1112-88c7-44fa-a275-25bc0ad2d96d', 'cba29dca-3ee3-4e5a-a78a-44034a059a9a', 'communication', 'Communication Skills', 'Communication', 15, 15, '#3B82F6', '[{"level":"Excellent","min":13,"max":15,"range":"13–15","desc":"Concise, targeted communication. Key messages are delivered clearly in time. Technical accuracy maintained throughout."},{"level":"Good","min":10,"max":12,"range":"10–12","desc":"Communication covers key points clearly. Minor issues with emphasis or time management."},{"level":"Developing","min":6,"max":9,"range":"6–9","desc":"Communication is adequate but lacks focus. Some key points are unclear or missing."},{"level":"Insufficient","min":0,"max":5,"range":"0–5","desc":"Communication is unclear or unfocused. Key information not conveyed effectively."}]', 4) ON CONFLICT DO NOTHING;
INSERT INTO period_criteria (id, period_id, source_criterion_id, key, label, short_label, max_score, weight, color, rubric_bands, sort_order) VALUES ('5809839f-fbb7-4a4f-a996-72ee4cf60160', 'b90e1112-88c7-44fa-a275-25bc0ad2d96d', 'a0ce2f65-e11f-427c-ab49-6806b15b6ffe', 'teamwork', 'Teamwork & Ethics', 'Team', 10, 10, '#EF4444', '[{"level":"Excellent","min":9,"max":10,"range":"9–10","desc":"Equal contribution from all members. Clear role delegation and ethical conduct throughout."},{"level":"Good","min":7,"max":8,"range":"7–8","desc":"Most members are engaged. Task distribution is reasonable with minor gaps."},{"level":"Developing","min":4,"max":6,"range":"4–6","desc":"One or two members disproportionately lead. Others contribute minimally."},{"level":"Insufficient","min":0,"max":3,"range":"0–3","desc":"Minimal team cohesion. Roles are unclear or one member dominates entirely."}]', 5) ON CONFLICT DO NOTHING;
INSERT INTO period_outcomes (id, period_id, source_outcome_id, code, label, sort_order) VALUES ('629b72b7-20f5-432c-a4bd-a435be076266', 'b90e1112-88c7-44fa-a275-25bc0ad2d96d', '0c61d3b2-4098-4181-a0a9-af00ccddd55f', 'SO-1', 'Complex Problem Solving', 1) ON CONFLICT DO NOTHING;
INSERT INTO period_outcomes (id, period_id, source_outcome_id, code, label, sort_order) VALUES ('af501c7a-70a5-4ed2-a337-17c274c4b6a5', 'b90e1112-88c7-44fa-a275-25bc0ad2d96d', '4ed4e517-5b27-4f61-a16b-6d7b86d2d592', 'SO-2', 'Engineering Design', 2) ON CONFLICT DO NOTHING;
INSERT INTO period_outcomes (id, period_id, source_outcome_id, code, label, sort_order) VALUES ('e3b4ea65-16a2-44d9-adfe-32892e251655', 'b90e1112-88c7-44fa-a275-25bc0ad2d96d', 'cc92ffdb-deee-4b4a-ad3f-ab54b9a16df3', 'SO-3', 'Effective Communication', 3) ON CONFLICT DO NOTHING;
INSERT INTO period_outcomes (id, period_id, source_outcome_id, code, label, sort_order) VALUES ('3e12013f-64c8-4bc3-a51b-c703a545a842', 'b90e1112-88c7-44fa-a275-25bc0ad2d96d', 'f9c945a1-24f5-4ab1-abad-9a35a116c09c', 'SO-5', 'Teamwork', 4) ON CONFLICT DO NOTHING;
INSERT INTO period_outcomes (id, period_id, source_outcome_id, code, label, sort_order) VALUES ('698f310a-b92e-42d2-a15c-f115ba16abb2', 'b90e1112-88c7-44fa-a275-25bc0ad2d96d', 'e55ec114-ecd9-4bbc-acb2-56ddbb255ee3', 'SO-6', 'Experimentation and Analysis', 5) ON CONFLICT DO NOTHING;
INSERT INTO period_criterion_outcome_maps (id, period_id, period_criterion_id, period_outcome_id, weight) VALUES ('7b01be63-d527-415e-abd3-d37513c19667', 'b90e1112-88c7-44fa-a275-25bc0ad2d96d', 'b9f1f35c-7929-412b-a2c3-63e14ab7e9d0', '629b72b7-20f5-432c-a4bd-a435be076266', 0.6) ON CONFLICT DO NOTHING;
INSERT INTO period_criterion_outcome_maps (id, period_id, period_criterion_id, period_outcome_id, weight) VALUES ('4dd508ec-2e6a-4361-8215-ee37c7c3ec2c', 'b90e1112-88c7-44fa-a275-25bc0ad2d96d', 'b9f1f35c-7929-412b-a2c3-63e14ab7e9d0', '698f310a-b92e-42d2-a15c-f115ba16abb2', 0.4) ON CONFLICT DO NOTHING;
INSERT INTO period_criterion_outcome_maps (id, period_id, period_criterion_id, period_outcome_id, weight) VALUES ('63b57901-a445-4c6a-9aa5-779682e74ec2', 'b90e1112-88c7-44fa-a275-25bc0ad2d96d', 'd3dd5fe2-d521-4a2a-ae2b-bb11b6fa0902', 'af501c7a-70a5-4ed2-a337-17c274c4b6a5', 1.0) ON CONFLICT DO NOTHING;
INSERT INTO period_criterion_outcome_maps (id, period_id, period_criterion_id, period_outcome_id, weight) VALUES ('86ef5a48-feec-4ca2-a703-995f1f72d6ef', 'b90e1112-88c7-44fa-a275-25bc0ad2d96d', '2a39ada5-da79-4403-aec0-8299b6747419', '698f310a-b92e-42d2-a15c-f115ba16abb2', 0.6) ON CONFLICT DO NOTHING;
INSERT INTO period_criterion_outcome_maps (id, period_id, period_criterion_id, period_outcome_id, weight) VALUES ('720fbe4e-b0a1-4935-91c3-21e2e577db6c', 'b90e1112-88c7-44fa-a275-25bc0ad2d96d', '2a39ada5-da79-4403-aec0-8299b6747419', 'af501c7a-70a5-4ed2-a337-17c274c4b6a5', 0.4) ON CONFLICT DO NOTHING;
INSERT INTO period_criterion_outcome_maps (id, period_id, period_criterion_id, period_outcome_id, weight) VALUES ('26426b76-453a-4d71-97a5-0d8d7b9ed19b', 'b90e1112-88c7-44fa-a275-25bc0ad2d96d', '26a1a51f-ab67-405d-a737-b184d060edb8', 'e3b4ea65-16a2-44d9-adfe-32892e251655', 1.0) ON CONFLICT DO NOTHING;
INSERT INTO period_criterion_outcome_maps (id, period_id, period_criterion_id, period_outcome_id, weight) VALUES ('d38daf51-0c2e-4348-badd-a829142265e1', 'b90e1112-88c7-44fa-a275-25bc0ad2d96d', '5809839f-fbb7-4a4f-a996-72ee4cf60160', '3e12013f-64c8-4bc3-a51b-c703a545a842', 1.0) ON CONFLICT DO NOTHING;
INSERT INTO periods (id, organization_id, framework_id, name, season, is_current, is_locked, is_visible, poster_date, snapshot_frozen_at, start_date, end_date, description, updated_at) VALUES ('0e963024-a53f-4722-a9e0-5db7a47b4419', 'b94595d6-710c-4302-ad1b-11f4d216e028', 'efe329b2-0a62-4279-a7d1-627abe557321', 'Spring 2025', 'Spring', false, true, true, DATE '2025-06-15' - integer '14', ('2025-02-01'::timestamp), DATE '2025-06-13', DATE '2025-06-15', 'CS Senior Capstone final evaluations for Spring 2025 — multi-juror assessment of system design, implementation, and presentation quality.', timestamp '2025-02-01' + interval '2 days') ON CONFLICT DO NOTHING;
INSERT INTO period_criteria (id, period_id, source_criterion_id, key, label, short_label, max_score, weight, color, rubric_bands, sort_order) VALUES ('53700e90-0bef-4410-aa0f-3995053ad8a2', '0e963024-a53f-4722-a9e0-5db7a47b4419', '93a2a9b8-de26-4fbb-a805-d7134bc8a55f', 'problem_solving', 'Problem Scoping', 'Prob Scope', 25, 25, '#8B5CF6', '[{"level":"Excellent","min":22,"max":25,"range":"22–25","desc":"Problem is rigorously scoped with clear constraints, stakeholder analysis, and measurable success criteria. Literature review is thorough and relevant."},{"level":"Good","min":17,"max":21,"range":"17–21","desc":"Problem scope is well-defined. Constraints and success criteria are identified. Literature review is mostly complete."},{"level":"Developing","min":10,"max":16,"range":"10–16","desc":"Problem is described but scoping is incomplete. Some constraints or success criteria are missing. Limited literature review."},{"level":"Insufficient","min":0,"max":9,"range":"0–9","desc":"Problem is poorly or ambiguously defined. Constraints and success criteria are absent. No meaningful literature review."}]', 1) ON CONFLICT DO NOTHING;
INSERT INTO period_criteria (id, period_id, source_criterion_id, key, label, short_label, max_score, weight, color, rubric_bands, sort_order) VALUES ('7e8b2e8b-4a9a-4d2c-a87b-955d58d51b03', '0e963024-a53f-4722-a9e0-5db7a47b4419', '7283938c-881e-46e5-a432-793287f19248', 'system_design', 'Design Innovation', 'Design', 30, 30, '#F59E0B', '[{"level":"Excellent","min":26,"max":30,"range":"26–30","desc":"Design demonstrates innovation and creative problem-solving. Novel approach is well-justified and feasible. Design documentation is exemplary."},{"level":"Good","min":20,"max":25,"range":"20–25","desc":"Design shows creative thinking with sound justification. Mostly innovative with good documentation."},{"level":"Developing","min":12,"max":19,"range":"12–19","desc":"Design is adequate but conventional. Limited creative exploration of alternatives."},{"level":"Insufficient","min":0,"max":11,"range":"0–11","desc":"Design is unoriginal and poorly justified. Little evidence of design exploration."}]', 2) ON CONFLICT DO NOTHING;
INSERT INTO period_criteria (id, period_id, source_criterion_id, key, label, short_label, max_score, weight, color, rubric_bands, sort_order) VALUES ('5bab7e88-65ad-43a7-a14f-8b9bbcb9c9af', '0e963024-a53f-4722-a9e0-5db7a47b4419', 'c2a960c2-ec12-409c-a49b-14ac9f66a451', 'implementation_quality', 'Prototype & Testing', 'Prototype', 15, 15, '#22C55E', '[{"level":"Excellent","min":13,"max":15,"range":"13–15","desc":"Prototype is complete and demonstrates all key concepts. Tests confirm expected behaviour. Clear documentation of implementation decisions."},{"level":"Good","min":10,"max":12,"range":"10–12","desc":"Prototype demonstrates most key concepts. Most tests pass. Documentation adequate."},{"level":"Developing","min":6,"max":9,"range":"6–9","desc":"Prototype demonstrates some concepts but is incomplete. Testing is limited."},{"level":"Insufficient","min":0,"max":5,"range":"0–5","desc":"Prototype is largely non-functional or demonstrates very few concepts."}]', 3) ON CONFLICT DO NOTHING;
INSERT INTO period_criteria (id, period_id, source_criterion_id, key, label, short_label, max_score, weight, color, rubric_bands, sort_order) VALUES ('770df56c-9bc9-4108-a5a9-1056b29af922', '0e963024-a53f-4722-a9e0-5db7a47b4419', 'cba29dca-3ee3-4e5a-a78a-44034a059a9a', 'communication', 'Communication', 'Comm', 20, 20, '#3B82F6', '[{"level":"Excellent","min":17,"max":20,"range":"17–20","desc":"Communication is clear, professional, and well-structured. All technical and non-technical audiences are served effectively. Documentation is complete."},{"level":"Good","min":13,"max":16,"range":"13–16","desc":"Communication is mostly clear. Minor gaps in clarity or audience adaptation. Documentation mostly complete."},{"level":"Developing","min":8,"max":12,"range":"8–12","desc":"Communication is understandable but inconsistent. Some sections unclear. Documentation incomplete."},{"level":"Insufficient","min":0,"max":7,"range":"0–7","desc":"Communication is poor or unclear. Audience needs are not served. Documentation substantially incomplete."}]', 4) ON CONFLICT DO NOTHING;
INSERT INTO period_criteria (id, period_id, source_criterion_id, key, label, short_label, max_score, weight, color, rubric_bands, sort_order) VALUES ('36146a5d-35be-44c7-af15-a3d586386a27', '0e963024-a53f-4722-a9e0-5db7a47b4419', 'a0ce2f65-e11f-427c-ab49-6806b15b6ffe', 'teamwork', 'Teamwork', 'Team', 10, 10, '#EF4444', '[{"level":"Excellent","min":9,"max":10,"range":"9–10","desc":"Exceptional collaboration. All members demonstrate technical ownership of their parts."},{"level":"Good","min":7,"max":8,"range":"7–8","desc":"Solid team coordination. Most members can answer questions about all parts of the project."},{"level":"Developing","min":4,"max":6,"range":"4–6","desc":"Team dynamics are uneven. Some members cannot answer questions outside their area."},{"level":"Insufficient","min":0,"max":3,"range":"0–3","desc":"Poor collaboration. Major knowledge gaps across team. Lack of professional conduct."}]', 5) ON CONFLICT DO NOTHING;
INSERT INTO period_outcomes (id, period_id, source_outcome_id, code, label, sort_order) VALUES ('d65e3bd0-a251-4f40-aefb-3c859c11a091', '0e963024-a53f-4722-a9e0-5db7a47b4419', '0c61d3b2-4098-4181-a0a9-af00ccddd55f', 'SO-1', 'Complex Problem Solving', 1) ON CONFLICT DO NOTHING;
INSERT INTO period_outcomes (id, period_id, source_outcome_id, code, label, sort_order) VALUES ('ae42b5e9-35b1-4f6e-a030-a6c45859c432', '0e963024-a53f-4722-a9e0-5db7a47b4419', '4ed4e517-5b27-4f61-a16b-6d7b86d2d592', 'SO-2', 'Engineering Design', 2) ON CONFLICT DO NOTHING;
INSERT INTO period_outcomes (id, period_id, source_outcome_id, code, label, sort_order) VALUES ('1bb99422-804f-4ac1-a971-a562757a7277', '0e963024-a53f-4722-a9e0-5db7a47b4419', 'cc92ffdb-deee-4b4a-ad3f-ab54b9a16df3', 'SO-3', 'Effective Communication', 3) ON CONFLICT DO NOTHING;
INSERT INTO period_outcomes (id, period_id, source_outcome_id, code, label, sort_order) VALUES ('59256dc0-6af7-49e0-a8ef-41077d05a9f9', '0e963024-a53f-4722-a9e0-5db7a47b4419', 'f4f08ca1-e5f1-4cc9-aa5f-a308966a9375', 'SO-4', 'Ethics and Professional Responsibility', 4) ON CONFLICT DO NOTHING;
INSERT INTO period_outcomes (id, period_id, source_outcome_id, code, label, sort_order) VALUES ('c6344ba8-78ad-49dc-ab24-134e34c048ea', '0e963024-a53f-4722-a9e0-5db7a47b4419', 'f9c945a1-24f5-4ab1-abad-9a35a116c09c', 'SO-5', 'Teamwork', 5) ON CONFLICT DO NOTHING;
INSERT INTO period_criterion_outcome_maps (id, period_id, period_criterion_id, period_outcome_id, weight) VALUES ('32f9f741-3ae7-44ae-9954-2d77e889ee2c', '0e963024-a53f-4722-a9e0-5db7a47b4419', '53700e90-0bef-4410-aa0f-3995053ad8a2', 'd65e3bd0-a251-4f40-aefb-3c859c11a091', 1.0) ON CONFLICT DO NOTHING;
INSERT INTO period_criterion_outcome_maps (id, period_id, period_criterion_id, period_outcome_id, weight) VALUES ('888e45bd-b230-410e-bd55-f4e79fdb2076', '0e963024-a53f-4722-a9e0-5db7a47b4419', '7e8b2e8b-4a9a-4d2c-a87b-955d58d51b03', 'ae42b5e9-35b1-4f6e-a030-a6c45859c432', 0.7) ON CONFLICT DO NOTHING;
INSERT INTO period_criterion_outcome_maps (id, period_id, period_criterion_id, period_outcome_id, weight) VALUES ('eb9e770e-cad1-48ea-87d7-e19b885b6c2f', '0e963024-a53f-4722-a9e0-5db7a47b4419', '7e8b2e8b-4a9a-4d2c-a87b-955d58d51b03', 'd65e3bd0-a251-4f40-aefb-3c859c11a091', 0.3) ON CONFLICT DO NOTHING;
INSERT INTO period_criterion_outcome_maps (id, period_id, period_criterion_id, period_outcome_id, weight) VALUES ('5ad1f382-ca72-472a-9a03-1c3378e7ff3c', '0e963024-a53f-4722-a9e0-5db7a47b4419', '5bab7e88-65ad-43a7-a14f-8b9bbcb9c9af', 'ae42b5e9-35b1-4f6e-a030-a6c45859c432', 1.0) ON CONFLICT DO NOTHING;
INSERT INTO period_criterion_outcome_maps (id, period_id, period_criterion_id, period_outcome_id, weight) VALUES ('b1f17f37-df98-4c9d-aa15-80d9ac2960ed', '0e963024-a53f-4722-a9e0-5db7a47b4419', '770df56c-9bc9-4108-a5a9-1056b29af922', '1bb99422-804f-4ac1-a971-a562757a7277', 1.0) ON CONFLICT DO NOTHING;
INSERT INTO period_criterion_outcome_maps (id, period_id, period_criterion_id, period_outcome_id, weight) VALUES ('d8251549-2468-4b4f-a138-672c3cccf3ab', '0e963024-a53f-4722-a9e0-5db7a47b4419', '36146a5d-35be-44c7-af15-a3d586386a27', '59256dc0-6af7-49e0-a8ef-41077d05a9f9', 0.5) ON CONFLICT DO NOTHING;
INSERT INTO period_criterion_outcome_maps (id, period_id, period_criterion_id, period_outcome_id, weight) VALUES ('97be0590-05ff-4621-a53b-31f55b07dcd7', '0e963024-a53f-4722-a9e0-5db7a47b4419', '36146a5d-35be-44c7-af15-a3d586386a27', 'c6344ba8-78ad-49dc-ab24-134e34c048ea', 0.5) ON CONFLICT DO NOTHING;
INSERT INTO periods (id, organization_id, framework_id, name, season, is_current, is_locked, is_visible, poster_date, snapshot_frozen_at, start_date, end_date, description, updated_at) VALUES ('f8c01197-da4a-4646-a42d-8dc74715e3bc', 'b94595d6-710c-4302-ad1b-11f4d216e028', 'efe329b2-0a62-4279-a7d1-627abe557321', 'Fall 2024', 'Fall', false, true, true, DATE '2025-01-15' - integer '14', ('2024-09-01'::timestamp), DATE '2025-01-13', DATE '2025-01-15', 'CS Senior Capstone mid-cycle evaluations for Fall 2024 — progress review and technical depth assessment.', timestamp '2024-09-01' + interval '2 days') ON CONFLICT DO NOTHING;
INSERT INTO period_criteria (id, period_id, source_criterion_id, key, label, short_label, max_score, weight, color, rubric_bands, sort_order) VALUES ('9ec0420a-7f95-4e3f-ad37-b95948485c65', 'f8c01197-da4a-4646-a42d-8dc74715e3bc', '93a2a9b8-de26-4fbb-a805-d7134bc8a55f', 'problem_solving', 'Problem Definition', 'Problem Def', 20, 20, '#8B5CF6', '[{"level":"Excellent","min":17,"max":20,"range":"17–20","desc":"Problem is clearly defined with appropriate scope. Key constraints and requirements identified. Related work is acknowledged."},{"level":"Good","min":13,"max":16,"range":"13–16","desc":"Problem definition is adequate. Most requirements identified. Some gaps in scope or related work."},{"level":"Developing","min":8,"max":12,"range":"8–12","desc":"Problem is described but incompletely scoped. Key requirements or constraints are missing."},{"level":"Insufficient","min":0,"max":7,"range":"0–7","desc":"Problem definition is vague or missing key elements. Requirements not identified."}]', 1) ON CONFLICT DO NOTHING;
INSERT INTO period_criteria (id, period_id, source_criterion_id, key, label, short_label, max_score, weight, color, rubric_bands, sort_order) VALUES ('52f96a98-1ac8-4b6e-aa3c-02ab77905c16', 'f8c01197-da4a-4646-a42d-8dc74715e3bc', '7283938c-881e-46e5-a432-793287f19248', 'system_design', 'Solution Design', 'Sol Design', 25, 25, '#F59E0B', '[{"level":"Excellent","min":22,"max":25,"range":"22–25","desc":"Design is creative, feasible, and fully addresses all requirements. Trade-offs between alternatives are explicitly analysed. Design is well-documented."},{"level":"Good","min":17,"max":21,"range":"17–21","desc":"Design addresses most requirements with clear rationale. Some alternative considered. Documentation mostly complete."},{"level":"Developing","min":10,"max":16,"range":"10–16","desc":"Design is presented but rationale is incomplete. Limited analysis of alternatives. Some requirements not addressed."},{"level":"Insufficient","min":0,"max":9,"range":"0–9","desc":"Design is vague, incomplete, or does not address key requirements. No alternatives considered."}]', 2) ON CONFLICT DO NOTHING;
INSERT INTO period_criteria (id, period_id, source_criterion_id, key, label, short_label, max_score, weight, color, rubric_bands, sort_order) VALUES ('e242e868-2bb7-4869-af4b-7ad480080c56', 'f8c01197-da4a-4646-a42d-8dc74715e3bc', 'c2a960c2-ec12-409c-a49b-14ac9f66a451', 'implementation_quality', 'Build & Test', 'Build & Test', 25, 25, '#22C55E', '[{"level":"Excellent","min":22,"max":25,"range":"22–25","desc":"High-quality implementation: well-structured, fully functional, and thoroughly tested. Performance meets or exceeds requirements. Code/design is maintainable."},{"level":"Good","min":17,"max":21,"range":"17–21","desc":"Solid implementation. Most functionality complete and tested. Minor quality or performance issues."},{"level":"Developing","min":10,"max":16,"range":"10–16","desc":"Implementation has core functionality but significant gaps in testing or quality. Some features incomplete."},{"level":"Insufficient","min":0,"max":9,"range":"0–9","desc":"Implementation is substantially incomplete. Major functionality missing or non-functional."}]', 3) ON CONFLICT DO NOTHING;
INSERT INTO period_criteria (id, period_id, source_criterion_id, key, label, short_label, max_score, weight, color, rubric_bands, sort_order) VALUES ('e6928c81-092d-4b96-ada3-5dcf9bab3962', 'f8c01197-da4a-4646-a42d-8dc74715e3bc', 'cba29dca-3ee3-4e5a-a78a-44034a059a9a', 'communication', 'Communication', 'Comm', 20, 20, '#3B82F6', '[{"level":"Excellent","min":17,"max":20,"range":"17–20","desc":"Communication is clear, professional, and well-structured. All technical and non-technical audiences are served effectively. Documentation is complete."},{"level":"Good","min":13,"max":16,"range":"13–16","desc":"Communication is mostly clear. Minor gaps in clarity or audience adaptation. Documentation mostly complete."},{"level":"Developing","min":8,"max":12,"range":"8–12","desc":"Communication is understandable but inconsistent. Some sections unclear. Documentation incomplete."},{"level":"Insufficient","min":0,"max":7,"range":"0–7","desc":"Communication is poor or unclear. Audience needs are not served. Documentation substantially incomplete."}]', 4) ON CONFLICT DO NOTHING;
INSERT INTO period_criteria (id, period_id, source_criterion_id, key, label, short_label, max_score, weight, color, rubric_bands, sort_order) VALUES ('5483798a-76bd-4d78-aca0-0d51ce803849', 'f8c01197-da4a-4646-a42d-8dc74715e3bc', 'a0ce2f65-e11f-427c-ab49-6806b15b6ffe', 'teamwork', 'Team Dynamics', 'Team', 10, 10, '#EF4444', '[{"level":"Excellent","min":9,"max":10,"range":"9–10","desc":"All members participate actively and equally. Professional and ethical conduct observed throughout."},{"level":"Good","min":7,"max":8,"range":"7–8","desc":"Most members contribute. Minor knowledge gaps. Professionalism mostly observed."},{"level":"Developing","min":4,"max":6,"range":"4–6","desc":"Uneven participation. Some members are passive or unprepared."},{"level":"Insufficient","min":0,"max":3,"range":"0–3","desc":"Very low participation or dominated by one person. Lack of professionalism observed."}]', 5) ON CONFLICT DO NOTHING;
INSERT INTO period_outcomes (id, period_id, source_outcome_id, code, label, sort_order) VALUES ('96e33e0e-4746-457f-a58e-4fb303b9b58c', 'f8c01197-da4a-4646-a42d-8dc74715e3bc', '0c61d3b2-4098-4181-a0a9-af00ccddd55f', 'SO-1', 'Complex Problem Solving', 1) ON CONFLICT DO NOTHING;
INSERT INTO period_outcomes (id, period_id, source_outcome_id, code, label, sort_order) VALUES ('6114bb13-332f-4344-af51-10f39a4ae7d7', 'f8c01197-da4a-4646-a42d-8dc74715e3bc', '4ed4e517-5b27-4f61-a16b-6d7b86d2d592', 'SO-2', 'Engineering Design', 2) ON CONFLICT DO NOTHING;
INSERT INTO period_outcomes (id, period_id, source_outcome_id, code, label, sort_order) VALUES ('b7a0e539-710f-4c09-a1ff-39a451a05b3d', 'f8c01197-da4a-4646-a42d-8dc74715e3bc', 'cc92ffdb-deee-4b4a-ad3f-ab54b9a16df3', 'SO-3', 'Effective Communication', 3) ON CONFLICT DO NOTHING;
INSERT INTO period_outcomes (id, period_id, source_outcome_id, code, label, sort_order) VALUES ('9f7e84de-7078-4f00-af90-2e7538b07bcb', 'f8c01197-da4a-4646-a42d-8dc74715e3bc', 'f9c945a1-24f5-4ab1-abad-9a35a116c09c', 'SO-5', 'Teamwork', 4) ON CONFLICT DO NOTHING;
INSERT INTO period_criterion_outcome_maps (id, period_id, period_criterion_id, period_outcome_id, weight) VALUES ('417ac545-7e66-4b19-acb6-8b8ae22d4d3d', 'f8c01197-da4a-4646-a42d-8dc74715e3bc', '9ec0420a-7f95-4e3f-ad37-b95948485c65', '96e33e0e-4746-457f-a58e-4fb303b9b58c', 1.0) ON CONFLICT DO NOTHING;
INSERT INTO period_criterion_outcome_maps (id, period_id, period_criterion_id, period_outcome_id, weight) VALUES ('d452e6df-a8c7-4f38-8783-e5c7acdbc69f', 'f8c01197-da4a-4646-a42d-8dc74715e3bc', '52f96a98-1ac8-4b6e-aa3c-02ab77905c16', '6114bb13-332f-4344-af51-10f39a4ae7d7', 1.0) ON CONFLICT DO NOTHING;
INSERT INTO period_criterion_outcome_maps (id, period_id, period_criterion_id, period_outcome_id, weight) VALUES ('533a3cd9-2ecc-471e-8ce5-56b8d04b41b4', 'f8c01197-da4a-4646-a42d-8dc74715e3bc', 'e242e868-2bb7-4869-af4b-7ad480080c56', '6114bb13-332f-4344-af51-10f39a4ae7d7', 0.5) ON CONFLICT DO NOTHING;
INSERT INTO period_criterion_outcome_maps (id, period_id, period_criterion_id, period_outcome_id, weight) VALUES ('79634042-d863-4180-aac9-2cac4b20e988', 'f8c01197-da4a-4646-a42d-8dc74715e3bc', 'e242e868-2bb7-4869-af4b-7ad480080c56', '96e33e0e-4746-457f-a58e-4fb303b9b58c', 0.5) ON CONFLICT DO NOTHING;
INSERT INTO period_criterion_outcome_maps (id, period_id, period_criterion_id, period_outcome_id, weight) VALUES ('2e524a10-13b9-419c-bec9-53a686def3b2', 'f8c01197-da4a-4646-a42d-8dc74715e3bc', 'e6928c81-092d-4b96-ada3-5dcf9bab3962', 'b7a0e539-710f-4c09-a1ff-39a451a05b3d', 1.0) ON CONFLICT DO NOTHING;
INSERT INTO period_criterion_outcome_maps (id, period_id, period_criterion_id, period_outcome_id, weight) VALUES ('7b3cabf5-5800-4ee3-a7a0-77e524499c58', 'f8c01197-da4a-4646-a42d-8dc74715e3bc', '5483798a-76bd-4d78-aca0-0d51ce803849', '9f7e84de-7078-4f00-af90-2e7538b07bcb', 1.0) ON CONFLICT DO NOTHING;
INSERT INTO periods (id, organization_id, framework_id, name, season, is_current, is_locked, is_visible, poster_date, snapshot_frozen_at, start_date, end_date, description, updated_at) VALUES ('e77bf882-fc32-461c-acab-6ee1696df0c7', 'd8214e32-d30f-4a0c-aee5-1c6fa0d41336', '824ead2b-7676-4297-a6e1-507869f5f299', '2026 Season', 'Finals', true, false, true, DATE '2026-08-15' - integer '14', ('2026-06-01'::timestamp + interval '1 day'), DATE '2026-08-13', DATE '2026-08-15', 'TEKNOFEST 2026 national technology competition — final evaluation round for shortlisted teams across aerospace, drone, and defense categories.', timestamp '2026-06-01' + interval '2 days') ON CONFLICT DO NOTHING;
INSERT INTO period_criteria (id, period_id, source_criterion_id, key, label, short_label, max_score, weight, color, rubric_bands, sort_order) VALUES ('3827321e-25d3-4ec5-ab6a-d8fb8d5f65fd', 'e77bf882-fc32-461c-acab-6ee1696df0c7', '10f52721-c639-4184-a0c4-1493bd620bfd', 'preliminary_report', 'Preliminary Design Review', 'PDR', 25, 25, '#6366F1', '[{"level":"Excellent","min":22,"max":25,"range":"22–25","desc":"Report is comprehensive and well-structured. All required sections are complete. Technical rationale for design choices is clearly presented."},{"level":"Good","min":17,"max":21,"range":"17–21","desc":"Report covers all required sections. Most technical rationale is provided. Minor gaps in depth or organisation."},{"level":"Developing","min":10,"max":16,"range":"10–16","desc":"Report covers core sections but lacks depth in technical justification. Some required elements missing."},{"level":"Insufficient","min":0,"max":9,"range":"0–9","desc":"Report is incomplete or poorly structured. Major required sections absent. Technical justification lacking."}]', 1) ON CONFLICT DO NOTHING;
INSERT INTO period_criteria (id, period_id, source_criterion_id, key, label, short_label, max_score, weight, color, rubric_bands, sort_order) VALUES ('c561d84a-3cda-4605-a33c-1ceb37ebed21', 'e77bf882-fc32-461c-acab-6ee1696df0c7', 'b58a9de4-d6c7-4143-a851-ed52ef1c7aab', 'critical_design', 'Critical Design Review', 'CDR', 30, 30, '#F59E0B', '[{"level":"Excellent","min":27,"max":30,"range":"27–30","desc":"Design is fully matured: all interfaces defined, analyses completed, and risks mitigated. Ready for manufacturing/build phase."},{"level":"Good","min":21,"max":26,"range":"21–26","desc":"Design is mostly matured. Key analyses completed. Some outstanding items but controlled risks."},{"level":"Developing","min":13,"max":20,"range":"13–20","desc":"Design is partially matured. Some interfaces undefined. Significant analysis gaps remain."},{"level":"Insufficient","min":0,"max":12,"range":"0–12","desc":"Design is immature. Major interfaces and analyses outstanding. Not ready for build phase."}]', 2) ON CONFLICT DO NOTHING;
INSERT INTO period_criteria (id, period_id, source_criterion_id, key, label, short_label, max_score, weight, color, rubric_bands, sort_order) VALUES ('e10f1abe-f5f6-4530-ac12-708e65ef8c8f', 'e77bf882-fc32-461c-acab-6ee1696df0c7', 'a408685a-ba52-4173-a90f-b5bcf0b39b63', 'technical_performance', 'Performance & Testing', 'Performance', 30, 30, '#22C55E', '[{"level":"Excellent","min":27,"max":30,"range":"27–30","desc":"System performs exactly as designed. All mission objectives met during testing/demonstration. Jury presentation is polished and technically deep."},{"level":"Good","min":21,"max":26,"range":"21–26","desc":"System performs well. Most mission objectives met. Minor performance shortfalls explained. Presentation is competent."},{"level":"Developing","min":13,"max":20,"range":"13–20","desc":"System partially functional. Some mission objectives met. Performance shortfalls partially explained. Presentation adequate."},{"level":"Insufficient","min":0,"max":12,"range":"0–12","desc":"System does not perform adequately. Few or no mission objectives met. Presentation is poor."}]', 3) ON CONFLICT DO NOTHING;
INSERT INTO period_criteria (id, period_id, source_criterion_id, key, label, short_label, max_score, weight, color, rubric_bands, sort_order) VALUES ('cf788ee1-eb7f-4aad-a0f7-4b6a6fcb8164', 'e77bf882-fc32-461c-acab-6ee1696df0c7', '9048c1b4-a5f6-499e-a002-58c2d231a40b', 'team_execution', 'Execution & Safety', 'Execution', 15, 15, '#EF4444', '[{"level":"Excellent","min":13,"max":15,"range":"13–15","desc":"Team demonstrated professional execution: launch procedures followed, safety protocols adhered to, and all documentation submitted on time."},{"level":"Good","min":10,"max":12,"range":"10–12","desc":"Execution was mostly professional. Minor procedure deviations. Safety generally maintained. Most documentation on time."},{"level":"Developing","min":6,"max":9,"range":"6–9","desc":"Execution had notable issues. Some safety or procedural gaps. Some documentation late or incomplete."},{"level":"Insufficient","min":0,"max":5,"range":"0–5","desc":"Significant execution failures. Safety protocols violated or major documentation missing."}]', 4) ON CONFLICT DO NOTHING;
INSERT INTO period_outcomes (id, period_id, source_outcome_id, code, label, sort_order) VALUES ('57912c95-0503-405e-aef9-4f3bac9dad7b', 'e77bf882-fc32-461c-acab-6ee1696df0c7', 'f21e10be-2829-4161-acf2-6ca56c414d98', 'TC-1', 'Preliminary Evaluation Report Quality', 1) ON CONFLICT DO NOTHING;
INSERT INTO period_outcomes (id, period_id, source_outcome_id, code, label, sort_order) VALUES ('635cbebd-a119-41ed-a79f-0932f34850ce', 'e77bf882-fc32-461c-acab-6ee1696df0c7', '5f1f1555-845b-4498-a005-4878e6f4d692', 'TC-2', 'Critical Design Maturity', 2) ON CONFLICT DO NOTHING;
INSERT INTO period_outcomes (id, period_id, source_outcome_id, code, label, sort_order) VALUES ('f27e8194-271d-461f-a154-9f6e3045a116', 'e77bf882-fc32-461c-acab-6ee1696df0c7', 'daeff078-d457-48cc-af0f-7ebefc99a64f', 'TC-3', 'Field Performance and Jury Presentation', 3) ON CONFLICT DO NOTHING;
INSERT INTO period_outcomes (id, period_id, source_outcome_id, code, label, sort_order) VALUES ('bf7ccdc7-c5e5-4d63-ac87-c75fb45388ae', 'e77bf882-fc32-461c-acab-6ee1696df0c7', 'c0f9b501-7d38-4fcc-a565-65ad87f853f4', 'TC-4', 'General Team Competency', 4) ON CONFLICT DO NOTHING;
INSERT INTO period_criterion_outcome_maps (id, period_id, period_criterion_id, period_outcome_id, weight) VALUES ('451cf002-32b7-4e4e-b931-0620014eb6b5', 'e77bf882-fc32-461c-acab-6ee1696df0c7', '3827321e-25d3-4ec5-ab6a-d8fb8d5f65fd', '57912c95-0503-405e-aef9-4f3bac9dad7b', 1.0) ON CONFLICT DO NOTHING;
INSERT INTO period_criterion_outcome_maps (id, period_id, period_criterion_id, period_outcome_id, weight) VALUES ('65931dd8-bc71-4c97-a20b-ec302a898c00', 'e77bf882-fc32-461c-acab-6ee1696df0c7', 'c561d84a-3cda-4605-a33c-1ceb37ebed21', '635cbebd-a119-41ed-a79f-0932f34850ce', 0.7) ON CONFLICT DO NOTHING;
INSERT INTO period_criterion_outcome_maps (id, period_id, period_criterion_id, period_outcome_id, weight) VALUES ('3f253788-24b3-4eed-9e3d-d8db7082c902', 'e77bf882-fc32-461c-acab-6ee1696df0c7', 'c561d84a-3cda-4605-a33c-1ceb37ebed21', '57912c95-0503-405e-aef9-4f3bac9dad7b', 0.3) ON CONFLICT DO NOTHING;
INSERT INTO period_criterion_outcome_maps (id, period_id, period_criterion_id, period_outcome_id, weight) VALUES ('a513730d-8a21-489e-83a0-6b30a9b02135', 'e77bf882-fc32-461c-acab-6ee1696df0c7', 'e10f1abe-f5f6-4530-ac12-708e65ef8c8f', 'f27e8194-271d-461f-a154-9f6e3045a116', 0.8) ON CONFLICT DO NOTHING;
INSERT INTO period_criterion_outcome_maps (id, period_id, period_criterion_id, period_outcome_id, weight) VALUES ('6a61f35d-fdc0-406e-9ff3-95abb5b862a3', 'e77bf882-fc32-461c-acab-6ee1696df0c7', 'e10f1abe-f5f6-4530-ac12-708e65ef8c8f', '635cbebd-a119-41ed-a79f-0932f34850ce', 0.2) ON CONFLICT DO NOTHING;
INSERT INTO period_criterion_outcome_maps (id, period_id, period_criterion_id, period_outcome_id, weight) VALUES ('8ae2bbf9-d6fd-407a-95c6-ecd3ae0895b1', 'e77bf882-fc32-461c-acab-6ee1696df0c7', 'cf788ee1-eb7f-4aad-a0f7-4b6a6fcb8164', 'bf7ccdc7-c5e5-4d63-ac87-c75fb45388ae', 1.0) ON CONFLICT DO NOTHING;
INSERT INTO periods (id, organization_id, framework_id, name, season, is_current, is_locked, is_visible, poster_date, snapshot_frozen_at, start_date, end_date, description, updated_at) VALUES ('308d2708-dbea-41b6-a1c8-da6129445759', 'd8214e32-d30f-4a0c-aee5-1c6fa0d41336', '824ead2b-7676-4297-a6e1-507869f5f299', '2025 Season', 'Semi-Finals', false, true, true, DATE '2025-08-15' - integer '14', ('2025-06-01'::timestamp), DATE '2025-08-13', DATE '2025-08-15', 'TEKNOFEST 2025 national technology competition — final evaluation round for shortlisted teams across aerospace, drone, and defense categories.', timestamp '2025-06-01' + interval '2 days') ON CONFLICT DO NOTHING;
INSERT INTO period_criteria (id, period_id, source_criterion_id, key, label, short_label, max_score, weight, color, rubric_bands, sort_order) VALUES ('9fc5d438-f3ea-4966-ad57-e9ba3626497e', '308d2708-dbea-41b6-a1c8-da6129445759', '10f52721-c639-4184-a0c4-1493bd620bfd', 'preliminary_report', 'Preliminary Design', 'Prelim Design', 30, 30, '#6366F1', '[{"level":"Excellent","min":26,"max":30,"range":"26–30","desc":"Preliminary design report demonstrates thorough system-level thinking. All sub-systems are described with supporting analysis. Report quality is publication-ready."},{"level":"Good","min":20,"max":25,"range":"20–25","desc":"Report demonstrates solid system-level thinking. Most sub-systems covered with analysis. Minor gaps in completeness."},{"level":"Developing","min":12,"max":19,"range":"12–19","desc":"Report addresses main systems but lacks analysis depth. Some sub-systems inadequately described."},{"level":"Insufficient","min":0,"max":11,"range":"0–11","desc":"Report is largely incomplete or lacks system-level perspective. Major sections missing."}]', 1) ON CONFLICT DO NOTHING;
INSERT INTO period_criteria (id, period_id, source_criterion_id, key, label, short_label, max_score, weight, color, rubric_bands, sort_order) VALUES ('9291055e-e458-479e-a0de-bd69595777ff', '308d2708-dbea-41b6-a1c8-da6129445759', 'b58a9de4-d6c7-4143-a851-ed52ef1c7aab', 'critical_design', 'Critical Design', 'CDR', 25, 25, '#F59E0B', '[{"level":"Excellent","min":22,"max":25,"range":"22–25","desc":"Critical design is complete and justified. Interface definitions, structural analysis, and component selection are all documented and consistent."},{"level":"Good","min":17,"max":21,"range":"17–21","desc":"Critical design is mostly complete. Most interfaces and analyses documented. Minor inconsistencies."},{"level":"Developing","min":10,"max":16,"range":"10–16","desc":"Critical design partially complete. Some interfaces or analyses missing. Inconsistencies present."},{"level":"Insufficient","min":0,"max":9,"range":"0–9","desc":"Critical design is substantially incomplete. Major interfaces and analyses absent."}]', 2) ON CONFLICT DO NOTHING;
INSERT INTO period_criteria (id, period_id, source_criterion_id, key, label, short_label, max_score, weight, color, rubric_bands, sort_order) VALUES ('d8088c7f-e974-490e-ad55-0b51a4bb2138', '308d2708-dbea-41b6-a1c8-da6129445759', 'a408685a-ba52-4173-a90f-b5bcf0b39b63', 'technical_performance', 'Performance Demonstration', 'Performance', 30, 30, '#22C55E', '[{"level":"Excellent","min":27,"max":30,"range":"27–30","desc":"System performs exactly as designed. All mission objectives met during testing/demonstration. Jury presentation is polished and technically deep."},{"level":"Good","min":21,"max":26,"range":"21–26","desc":"System performs well. Most mission objectives met. Minor performance shortfalls explained. Presentation is competent."},{"level":"Developing","min":13,"max":20,"range":"13–20","desc":"System partially functional. Some mission objectives met. Performance shortfalls partially explained. Presentation adequate."},{"level":"Insufficient","min":0,"max":12,"range":"0–12","desc":"System does not perform adequately. Few or no mission objectives met. Presentation is poor."}]', 3) ON CONFLICT DO NOTHING;
INSERT INTO period_criteria (id, period_id, source_criterion_id, key, label, short_label, max_score, weight, color, rubric_bands, sort_order) VALUES ('34e60116-c678-4d43-a5a3-6ed510928812', '308d2708-dbea-41b6-a1c8-da6129445759', '9048c1b4-a5f6-499e-a002-58c2d231a40b', 'team_execution', 'Mission Execution', 'Execution', 15, 15, '#EF4444', '[{"level":"Excellent","min":13,"max":15,"range":"13–15","desc":"Team demonstrated professional execution: launch procedures followed, safety protocols adhered to, and all documentation submitted on time."},{"level":"Good","min":10,"max":12,"range":"10–12","desc":"Execution was mostly professional. Minor procedure deviations. Safety generally maintained. Most documentation on time."},{"level":"Developing","min":6,"max":9,"range":"6–9","desc":"Execution had notable issues. Some safety or procedural gaps. Some documentation late or incomplete."},{"level":"Insufficient","min":0,"max":5,"range":"0–5","desc":"Significant execution failures. Safety protocols violated or major documentation missing."}]', 4) ON CONFLICT DO NOTHING;
INSERT INTO period_outcomes (id, period_id, source_outcome_id, code, label, sort_order) VALUES ('f2adb727-0543-4fc0-a58f-95c55bb63f97', '308d2708-dbea-41b6-a1c8-da6129445759', 'f21e10be-2829-4161-acf2-6ca56c414d98', 'TC-1', 'Preliminary Evaluation Report Quality', 1) ON CONFLICT DO NOTHING;
INSERT INTO period_outcomes (id, period_id, source_outcome_id, code, label, sort_order) VALUES ('ea53f4c9-86da-465c-a6ae-3931722c77cc', '308d2708-dbea-41b6-a1c8-da6129445759', '5f1f1555-845b-4498-a005-4878e6f4d692', 'TC-2', 'Critical Design Maturity', 2) ON CONFLICT DO NOTHING;
INSERT INTO period_outcomes (id, period_id, source_outcome_id, code, label, sort_order) VALUES ('f179f825-78e8-4fef-a524-a325459cba00', '308d2708-dbea-41b6-a1c8-da6129445759', 'daeff078-d457-48cc-af0f-7ebefc99a64f', 'TC-3', 'Field Performance and Jury Presentation', 3) ON CONFLICT DO NOTHING;
INSERT INTO period_criterion_outcome_maps (id, period_id, period_criterion_id, period_outcome_id, weight) VALUES ('fc2e8799-de34-4782-8271-64a449828784', '308d2708-dbea-41b6-a1c8-da6129445759', '9fc5d438-f3ea-4966-ad57-e9ba3626497e', 'f2adb727-0543-4fc0-a58f-95c55bb63f97', 0.7) ON CONFLICT DO NOTHING;
INSERT INTO period_criterion_outcome_maps (id, period_id, period_criterion_id, period_outcome_id, weight) VALUES ('5060c6d9-7160-4095-b2b4-5cd92ae21637', '308d2708-dbea-41b6-a1c8-da6129445759', '9fc5d438-f3ea-4966-ad57-e9ba3626497e', 'ea53f4c9-86da-465c-a6ae-3931722c77cc', 0.3) ON CONFLICT DO NOTHING;
INSERT INTO period_criterion_outcome_maps (id, period_id, period_criterion_id, period_outcome_id, weight) VALUES ('dc548286-47ac-4a68-afc7-67012ab64ae9', '308d2708-dbea-41b6-a1c8-da6129445759', '9291055e-e458-479e-a0de-bd69595777ff', 'ea53f4c9-86da-465c-a6ae-3931722c77cc', 1.0) ON CONFLICT DO NOTHING;
INSERT INTO period_criterion_outcome_maps (id, period_id, period_criterion_id, period_outcome_id, weight) VALUES ('96fdcd46-d3dd-4049-9309-ddfd57a7aa76', '308d2708-dbea-41b6-a1c8-da6129445759', 'd8088c7f-e974-490e-ad55-0b51a4bb2138', 'f179f825-78e8-4fef-a524-a325459cba00', 0.6) ON CONFLICT DO NOTHING;
INSERT INTO period_criterion_outcome_maps (id, period_id, period_criterion_id, period_outcome_id, weight) VALUES ('e20c3b89-730c-477f-992a-5caa5cbf87e7', '308d2708-dbea-41b6-a1c8-da6129445759', 'd8088c7f-e974-490e-ad55-0b51a4bb2138', 'ea53f4c9-86da-465c-a6ae-3931722c77cc', 0.4) ON CONFLICT DO NOTHING;
INSERT INTO period_criterion_outcome_maps (id, period_id, period_criterion_id, period_outcome_id, weight) VALUES ('c1563c5e-d9d3-4388-b195-29679dcb8c1e', '308d2708-dbea-41b6-a1c8-da6129445759', '34e60116-c678-4d43-a5a3-6ed510928812', 'f179f825-78e8-4fef-a524-a325459cba00', 1.0) ON CONFLICT DO NOTHING;
INSERT INTO periods (id, organization_id, framework_id, name, season, is_current, is_locked, is_visible, poster_date, snapshot_frozen_at, start_date, end_date, description, updated_at) VALUES ('bf4ee98f-1fd2-418d-a62d-8cb5b585f293', 'd8214e32-d30f-4a0c-aee5-1c6fa0d41336', '824ead2b-7676-4297-a6e1-507869f5f299', '2024 Season', 'Qualifying', false, true, true, DATE '2024-08-15' - integer '14', ('2024-06-01'::timestamp), DATE '2024-08-13', DATE '2024-08-15', 'TEKNOFEST 2024 national technology competition — final evaluation round for shortlisted teams across aerospace, drone, and defense categories.', timestamp '2024-06-01' + interval '2 days') ON CONFLICT DO NOTHING;
INSERT INTO period_criteria (id, period_id, source_criterion_id, key, label, short_label, max_score, weight, color, rubric_bands, sort_order) VALUES ('24809e2d-ea6f-4306-a60b-8c9b5ba230e1', 'bf4ee98f-1fd2-418d-a62d-8cb5b585f293', '10f52721-c639-4184-a0c4-1493bd620bfd', 'preliminary_report', 'System Concept', 'Concept', 20, 20, '#6366F1', '[{"level":"Excellent","min":17,"max":20,"range":"17–20","desc":"Concept is clearly articulated with rationale for the chosen approach. Key system components are identified and described."},{"level":"Good","min":13,"max":16,"range":"13–16","desc":"Concept is described adequately. Most key components are identified. Rationale is partially provided."},{"level":"Developing","min":8,"max":12,"range":"8–12","desc":"Concept is partially described. Key components are not all identified. Rationale is weak."},{"level":"Insufficient","min":0,"max":7,"range":"0–7","desc":"Concept is poorly described or very incomplete. Major components missing."}]', 1) ON CONFLICT DO NOTHING;
INSERT INTO period_criteria (id, period_id, source_criterion_id, key, label, short_label, max_score, weight, color, rubric_bands, sort_order) VALUES ('c37d84a0-f0d9-4386-a75f-6ecaff196a1d', 'bf4ee98f-1fd2-418d-a62d-8cb5b585f293', 'b58a9de4-d6c7-4143-a851-ed52ef1c7aab', 'critical_design', 'Technical Design', 'Tech Design', 30, 30, '#F59E0B', '[{"level":"Excellent","min":27,"max":30,"range":"27–30","desc":"Design is fully matured: all interfaces defined, analyses completed, and risks mitigated. Ready for manufacturing/build phase."},{"level":"Good","min":21,"max":26,"range":"21–26","desc":"Design is mostly matured. Key analyses completed. Some outstanding items but controlled risks."},{"level":"Developing","min":13,"max":20,"range":"13–20","desc":"Design is partially matured. Some interfaces undefined. Significant analysis gaps remain."},{"level":"Insufficient","min":0,"max":12,"range":"0–12","desc":"Design is immature. Major interfaces and analyses outstanding. Not ready for build phase."}]', 2) ON CONFLICT DO NOTHING;
INSERT INTO period_criteria (id, period_id, source_criterion_id, key, label, short_label, max_score, weight, color, rubric_bands, sort_order) VALUES ('0c95a783-0c54-42d5-a2fe-559d093af7f5', 'bf4ee98f-1fd2-418d-a62d-8cb5b585f293', 'a408685a-ba52-4173-a90f-b5bcf0b39b63', 'technical_performance', 'Live Performance', 'Performance', 35, 35, '#22C55E', '[{"level":"Excellent","min":31,"max":35,"range":"31–35","desc":"Outstanding live performance: all primary and secondary missions completed. System behaves robustly under actual conditions. Jury presentation demonstrates deep technical understanding."},{"level":"Good","min":24,"max":30,"range":"24–30","desc":"Strong live performance with most missions completed. System is reliable. Presentation demonstrates solid technical understanding."},{"level":"Developing","min":14,"max":23,"range":"14–23","desc":"Partial performance: primary mission attempted but secondary missions incomplete or failed. Presentation covers basics."},{"level":"Insufficient","min":0,"max":13,"range":"0–13","desc":"Live performance largely unsuccessful. Critical missions failed. Presentation is inadequate."}]', 3) ON CONFLICT DO NOTHING;
INSERT INTO period_criteria (id, period_id, source_criterion_id, key, label, short_label, max_score, weight, color, rubric_bands, sort_order) VALUES ('d4fbf826-3d87-49d5-aa3a-acad4736d44a', 'bf4ee98f-1fd2-418d-a62d-8cb5b585f293', '9048c1b4-a5f6-499e-a002-58c2d231a40b', 'team_execution', 'Safety & Execution', 'Safety', 15, 15, '#EF4444', '[{"level":"Excellent","min":13,"max":15,"range":"13–15","desc":"Team demonstrated professional execution: launch procedures followed, safety protocols adhered to, and all documentation submitted on time."},{"level":"Good","min":10,"max":12,"range":"10–12","desc":"Execution was mostly professional. Minor procedure deviations. Safety generally maintained. Most documentation on time."},{"level":"Developing","min":6,"max":9,"range":"6–9","desc":"Execution had notable issues. Some safety or procedural gaps. Some documentation late or incomplete."},{"level":"Insufficient","min":0,"max":5,"range":"0–5","desc":"Significant execution failures. Safety protocols violated or major documentation missing."}]', 4) ON CONFLICT DO NOTHING;
INSERT INTO period_outcomes (id, period_id, source_outcome_id, code, label, sort_order) VALUES ('2670b517-fd78-450f-a8c4-548ac79c88a4', 'bf4ee98f-1fd2-418d-a62d-8cb5b585f293', '5f1f1555-845b-4498-a005-4878e6f4d692', 'TC-2', 'Critical Design Maturity', 1) ON CONFLICT DO NOTHING;
INSERT INTO period_outcomes (id, period_id, source_outcome_id, code, label, sort_order) VALUES ('2f382f10-5c3a-4640-a121-8ecfd0cfc0d0', 'bf4ee98f-1fd2-418d-a62d-8cb5b585f293', 'daeff078-d457-48cc-af0f-7ebefc99a64f', 'TC-3', 'Field Performance and Jury Presentation', 2) ON CONFLICT DO NOTHING;
INSERT INTO period_outcomes (id, period_id, source_outcome_id, code, label, sort_order) VALUES ('719eb83d-dee3-4f81-a360-3747c2136bbc', 'bf4ee98f-1fd2-418d-a62d-8cb5b585f293', 'c0f9b501-7d38-4fcc-a565-65ad87f853f4', 'TC-4', 'General Team Competency', 3) ON CONFLICT DO NOTHING;
INSERT INTO period_criterion_outcome_maps (id, period_id, period_criterion_id, period_outcome_id, weight) VALUES ('f2ff1849-3581-4bc5-ba1b-b0ae9339b785', 'bf4ee98f-1fd2-418d-a62d-8cb5b585f293', '24809e2d-ea6f-4306-a60b-8c9b5ba230e1', '2670b517-fd78-450f-a8c4-548ac79c88a4', 1.0) ON CONFLICT DO NOTHING;
INSERT INTO period_criterion_outcome_maps (id, period_id, period_criterion_id, period_outcome_id, weight) VALUES ('558580a1-d270-4a55-9ec5-030b5c41d2fe', 'bf4ee98f-1fd2-418d-a62d-8cb5b585f293', 'c37d84a0-f0d9-4386-a75f-6ecaff196a1d', '2670b517-fd78-450f-a8c4-548ac79c88a4', 0.5) ON CONFLICT DO NOTHING;
INSERT INTO period_criterion_outcome_maps (id, period_id, period_criterion_id, period_outcome_id, weight) VALUES ('904d0cda-df9e-4241-9d21-a29d707b9b8e', 'bf4ee98f-1fd2-418d-a62d-8cb5b585f293', 'c37d84a0-f0d9-4386-a75f-6ecaff196a1d', '2f382f10-5c3a-4640-a121-8ecfd0cfc0d0', 0.5) ON CONFLICT DO NOTHING;
INSERT INTO period_criterion_outcome_maps (id, period_id, period_criterion_id, period_outcome_id, weight) VALUES ('eba47839-7200-4dbd-b63f-e590f70f44e8', 'bf4ee98f-1fd2-418d-a62d-8cb5b585f293', '0c95a783-0c54-42d5-a2fe-559d093af7f5', '2f382f10-5c3a-4640-a121-8ecfd0cfc0d0', 0.8) ON CONFLICT DO NOTHING;
INSERT INTO period_criterion_outcome_maps (id, period_id, period_criterion_id, period_outcome_id, weight) VALUES ('6d2061b7-6fdb-47c1-b582-461c379eda0e', 'bf4ee98f-1fd2-418d-a62d-8cb5b585f293', '0c95a783-0c54-42d5-a2fe-559d093af7f5', '719eb83d-dee3-4f81-a360-3747c2136bbc', 0.2) ON CONFLICT DO NOTHING;
INSERT INTO period_criterion_outcome_maps (id, period_id, period_criterion_id, period_outcome_id, weight) VALUES ('2decec27-611c-464a-a46a-39c230254815', 'bf4ee98f-1fd2-418d-a62d-8cb5b585f293', 'd4fbf826-3d87-49d5-aa3a-acad4736d44a', '719eb83d-dee3-4f81-a360-3747c2136bbc', 1.0) ON CONFLICT DO NOTHING;
INSERT INTO periods (id, organization_id, framework_id, name, season, is_current, is_locked, is_visible, poster_date, snapshot_frozen_at, start_date, end_date, description, updated_at) VALUES ('05a1eb4a-d4cf-478b-a52d-578c3d9c22ad', '088f5054-c9df-4c7f-a679-c1321524f250', 'cf0b03e5-576d-4961-a0cc-f86b7852b85f', '2026 Competition', 'Announcement', true, false, true, DATE '2026-08-15' - integer '14', ('2026-06-01'::timestamp + interval '1 day'), DATE '2026-08-13', DATE '2026-08-15', 'TÜBİTAK 2204-A 2026 high-school research project competition — jury evaluation of scientific methodology, experimental rigor, and presentation.', timestamp '2026-06-01' + interval '2 days') ON CONFLICT DO NOTHING;
INSERT INTO period_criteria (id, period_id, source_criterion_id, key, label, short_label, max_score, weight, color, rubric_bands, sort_order) VALUES ('ace7bb79-4e9e-4b7f-a049-4b2684bb67d7', '05a1eb4a-d4cf-478b-a52d-578c3d9c22ad', '9153ef48-d850-40bf-a60b-985c27b85214', 'originality', 'Originality & Innovation', 'Originality', 35, 35, '#8B5CF6', '[{"level":"Excellent","min":31,"max":35,"range":"31–35","desc":"Research poses a novel question not previously addressed in the accessible literature. Approach is genuinely creative and the experimental design is original."},{"level":"Good","min":24,"max":30,"range":"24–30","desc":"Research addresses an underexplored question with a creative approach. Strong originality with minor derivative elements."},{"level":"Developing","min":14,"max":23,"range":"14–23","desc":"Research is partially original. Some elements are novel but the overall approach is largely derivative."},{"level":"Insufficient","min":0,"max":13,"range":"0–13","desc":"Research closely replicates existing work with minimal novelty. No significant original contribution."}]', 1) ON CONFLICT DO NOTHING;
INSERT INTO period_criteria (id, period_id, source_criterion_id, key, label, short_label, max_score, weight, color, rubric_bands, sort_order) VALUES ('3ceed4da-6045-435f-aaa5-f08cafe18240', '05a1eb4a-d4cf-478b-a52d-578c3d9c22ad', 'ed12bef7-680e-44c5-a2c2-eafd7f911f6b', 'scientific_method', 'Scientific Rigor', 'Sci Rigor', 40, 40, '#22C55E', '[{"level":"Excellent","min":35,"max":40,"range":"35–40","desc":"Scientific methodology is rigorous: hypothesis, experimental design, controls, and analysis are all correctly implemented. Conclusions follow logically from results."},{"level":"Good","min":27,"max":34,"range":"27–34","desc":"Methodology is mostly rigorous. Most steps are correctly implemented. Minor gaps in controls or analysis."},{"level":"Developing","min":16,"max":26,"range":"16–26","desc":"Methodology is described but has significant gaps. Some steps are incorrect or missing. Conclusions partially supported."},{"level":"Insufficient","min":0,"max":15,"range":"0–15","desc":"Methodology is poorly implemented or largely absent. Conclusions not supported by data."}]', 2) ON CONFLICT DO NOTHING;
INSERT INTO period_criteria (id, period_id, source_criterion_id, key, label, short_label, max_score, weight, color, rubric_bands, sort_order) VALUES ('656fac7d-722f-4b52-aeb7-b36115296682', '05a1eb4a-d4cf-478b-a52d-578c3d9c22ad', 'b2079523-b082-451d-afaa-b9f1ae7e5141', 'impact_and_presentation', 'Societal Impact & Presentation', 'Impact', 25, 25, '#F59E0B', '[{"level":"Excellent","min":22,"max":25,"range":"22–25","desc":"Practical application of findings is clearly articulated. Societal, economic, or environmental benefit is well-argued with supporting evidence."},{"level":"Good","min":17,"max":21,"range":"17–21","desc":"Application of findings is described with reasonable supporting argument. Impact is mostly well-articulated."},{"level":"Developing","min":10,"max":16,"range":"10–16","desc":"Impact is mentioned but not well-argued. Application is speculative or vaguely described."},{"level":"Insufficient","min":0,"max":9,"range":"0–9","desc":"No meaningful discussion of practical impact or application. Findings are disconnected from real-world relevance."}]', 3) ON CONFLICT DO NOTHING;
INSERT INTO period_outcomes (id, period_id, source_outcome_id, code, label, sort_order) VALUES ('11b577e8-6d62-4bc1-a320-8ae571bad250', '05a1eb4a-d4cf-478b-a52d-578c3d9c22ad', '927c6ee5-bb03-44b8-afda-2a97f4272add', 'RC-1', 'Originality and Creativity', 1) ON CONFLICT DO NOTHING;
INSERT INTO period_outcomes (id, period_id, source_outcome_id, code, label, sort_order) VALUES ('403a9258-b029-4fb5-ab76-73c1b36c4ba2', '05a1eb4a-d4cf-478b-a52d-578c3d9c22ad', '8258a7a0-3329-4b87-a2f9-ed57789c5d5f', 'RC-2', 'Scientific Method', 2) ON CONFLICT DO NOTHING;
INSERT INTO period_outcomes (id, period_id, source_outcome_id, code, label, sort_order) VALUES ('5e722d14-e47f-40a5-a895-6ad28a6aedd1', '05a1eb4a-d4cf-478b-a52d-578c3d9c22ad', '29460c43-c2cc-42dc-a55c-9ae4ac05cb0f', 'RC-3', 'Results and Recommendations', 3) ON CONFLICT DO NOTHING;
INSERT INTO period_outcomes (id, period_id, source_outcome_id, code, label, sort_order) VALUES ('ddcf601a-6f4c-407d-ad0c-605d9104f4a0', '05a1eb4a-d4cf-478b-a52d-578c3d9c22ad', '5971a865-48c8-45c7-a1fe-42276ca9c27c', 'RC-4', 'Applicability and Feasibility', 4) ON CONFLICT DO NOTHING;
INSERT INTO period_outcomes (id, period_id, source_outcome_id, code, label, sort_order) VALUES ('bbe9f6e6-765b-4e46-ac6a-9d88ec48236d', '05a1eb4a-d4cf-478b-a52d-578c3d9c22ad', '5994e0a4-3fa2-434e-abab-246d6d0f6cf3', 'RC-5', 'Broader Impact', 5) ON CONFLICT DO NOTHING;
INSERT INTO period_criterion_outcome_maps (id, period_id, period_criterion_id, period_outcome_id, weight) VALUES ('8df071dd-53f0-41bf-b591-01ac7b62ea38', '05a1eb4a-d4cf-478b-a52d-578c3d9c22ad', 'ace7bb79-4e9e-4b7f-a049-4b2684bb67d7', '11b577e8-6d62-4bc1-a320-8ae571bad250', 1.0) ON CONFLICT DO NOTHING;
INSERT INTO period_criterion_outcome_maps (id, period_id, period_criterion_id, period_outcome_id, weight) VALUES ('a4acfe14-845a-41d0-bbc6-d3952e7a6e7c', '05a1eb4a-d4cf-478b-a52d-578c3d9c22ad', '3ceed4da-6045-435f-aaa5-f08cafe18240', '403a9258-b029-4fb5-ab76-73c1b36c4ba2', 0.6) ON CONFLICT DO NOTHING;
INSERT INTO period_criterion_outcome_maps (id, period_id, period_criterion_id, period_outcome_id, weight) VALUES ('9e5aff58-f300-4b7a-940b-6e265931ed21', '05a1eb4a-d4cf-478b-a52d-578c3d9c22ad', '3ceed4da-6045-435f-aaa5-f08cafe18240', '5e722d14-e47f-40a5-a895-6ad28a6aedd1', 0.4) ON CONFLICT DO NOTHING;
INSERT INTO period_criterion_outcome_maps (id, period_id, period_criterion_id, period_outcome_id, weight) VALUES ('3995869a-8dc3-4052-ad7b-5a6a35b42c85', '05a1eb4a-d4cf-478b-a52d-578c3d9c22ad', '656fac7d-722f-4b52-aeb7-b36115296682', 'ddcf601a-6f4c-407d-ad0c-605d9104f4a0', 0.5) ON CONFLICT DO NOTHING;
INSERT INTO period_criterion_outcome_maps (id, period_id, period_criterion_id, period_outcome_id, weight) VALUES ('5b439a0e-0b55-42cd-b1d6-ca6c9a69ac61', '05a1eb4a-d4cf-478b-a52d-578c3d9c22ad', '656fac7d-722f-4b52-aeb7-b36115296682', 'bbe9f6e6-765b-4e46-ac6a-9d88ec48236d', 0.5) ON CONFLICT DO NOTHING;
INSERT INTO periods (id, organization_id, framework_id, name, season, is_current, is_locked, is_visible, poster_date, snapshot_frozen_at, start_date, end_date, description, updated_at) VALUES ('bb63166c-d38c-4278-a1e9-5c8b7b081a6c', '088f5054-c9df-4c7f-a679-c1321524f250', 'cf0b03e5-576d-4961-a0cc-f86b7852b85f', '2025 Competition', 'Selection', false, true, true, DATE '2025-08-15' - integer '14', ('2025-06-01'::timestamp), DATE '2025-08-13', DATE '2025-08-15', 'TÜBİTAK 2204-A 2025 high-school research project competition — jury evaluation of scientific methodology, experimental rigor, and presentation.', timestamp '2025-06-01' + interval '2 days') ON CONFLICT DO NOTHING;
INSERT INTO period_criteria (id, period_id, source_criterion_id, key, label, short_label, max_score, weight, color, rubric_bands, sort_order) VALUES ('f7160a57-742e-4428-ad3a-9ac826e3b2a4', 'bb63166c-d38c-4278-a1e9-5c8b7b081a6c', '9153ef48-d850-40bf-a60b-985c27b85214', 'originality', 'Novelty & Originality', 'Novelty', 30, 30, '#8B5CF6', '[{"level":"Excellent","min":26,"max":30,"range":"26–30","desc":"Clear novel contribution to the field. Hypothesis is creative and not a replication of prior work. The research framing demonstrates independent thinking."},{"level":"Good","min":20,"max":25,"range":"20–25","desc":"Mostly original research framing. Some novel elements with minor overlap with existing work."},{"level":"Developing","min":12,"max":19,"range":"12–19","desc":"Research has partial novelty but significant portions are derivative or replicative."},{"level":"Insufficient","min":0,"max":11,"range":"0–11","desc":"Research is largely a replication or literature review. No significant original contribution identified."}]', 1) ON CONFLICT DO NOTHING;
INSERT INTO period_criteria (id, period_id, source_criterion_id, key, label, short_label, max_score, weight, color, rubric_bands, sort_order) VALUES ('c1ab6f6b-5e43-4f4f-aa87-bc0e498e5bf3', 'bb63166c-d38c-4278-a1e9-5c8b7b081a6c', 'ed12bef7-680e-44c5-a2c2-eafd7f911f6b', 'scientific_method', 'Scientific Methodology', 'Methodology', 45, 45, '#22C55E', '[{"level":"Excellent","min":39,"max":45,"range":"39–45","desc":"Exceptional scientific rigour: experimental design eliminates confounds, statistical analysis is appropriate and correctly applied, and conclusions are strongly supported."},{"level":"Good","min":30,"max":38,"range":"30–38","desc":"Strong scientific rigour. Appropriate methods used with mostly correct application. Conclusions well-supported."},{"level":"Developing","min":18,"max":29,"range":"18–29","desc":"Methodology is mostly correct but has notable gaps in rigour or statistical analysis. Conclusions are partially supported."},{"level":"Insufficient","min":0,"max":17,"range":"0–17","desc":"Scientific methodology has critical flaws. Results are unreliable. Conclusions are not supported."}]', 2) ON CONFLICT DO NOTHING;
INSERT INTO period_criteria (id, period_id, source_criterion_id, key, label, short_label, max_score, weight, color, rubric_bands, sort_order) VALUES ('e1076839-63e0-4033-aa0d-4dde565034ea', 'bb63166c-d38c-4278-a1e9-5c8b7b081a6c', 'b2079523-b082-451d-afaa-b9f1ae7e5141', 'impact_and_presentation', 'Impact & Application', 'Impact', 25, 25, '#F59E0B', '[{"level":"Excellent","min":22,"max":25,"range":"22–25","desc":"Practical application of findings is clearly articulated. Societal, economic, or environmental benefit is well-argued with supporting evidence."},{"level":"Good","min":17,"max":21,"range":"17–21","desc":"Application of findings is described with reasonable supporting argument. Impact is mostly well-articulated."},{"level":"Developing","min":10,"max":16,"range":"10–16","desc":"Impact is mentioned but not well-argued. Application is speculative or vaguely described."},{"level":"Insufficient","min":0,"max":9,"range":"0–9","desc":"No meaningful discussion of practical impact or application. Findings are disconnected from real-world relevance."}]', 3) ON CONFLICT DO NOTHING;
INSERT INTO period_outcomes (id, period_id, source_outcome_id, code, label, sort_order) VALUES ('437af770-fc6a-48f1-adb4-a645576f9819', 'bb63166c-d38c-4278-a1e9-5c8b7b081a6c', '927c6ee5-bb03-44b8-afda-2a97f4272add', 'RC-1', 'Originality and Creativity', 1) ON CONFLICT DO NOTHING;
INSERT INTO period_outcomes (id, period_id, source_outcome_id, code, label, sort_order) VALUES ('f5ac0f63-963d-4f6d-af5b-ec49bd879a52', 'bb63166c-d38c-4278-a1e9-5c8b7b081a6c', '8258a7a0-3329-4b87-a2f9-ed57789c5d5f', 'RC-2', 'Scientific Method', 2) ON CONFLICT DO NOTHING;
INSERT INTO period_outcomes (id, period_id, source_outcome_id, code, label, sort_order) VALUES ('eb67f759-9882-4af1-ab7d-63e9ab951cf9', 'bb63166c-d38c-4278-a1e9-5c8b7b081a6c', '29460c43-c2cc-42dc-a55c-9ae4ac05cb0f', 'RC-3', 'Results and Recommendations', 3) ON CONFLICT DO NOTHING;
INSERT INTO period_outcomes (id, period_id, source_outcome_id, code, label, sort_order) VALUES ('4bbdd4f2-f5a1-4e1b-a6c2-f9f52a125626', 'bb63166c-d38c-4278-a1e9-5c8b7b081a6c', '5971a865-48c8-45c7-a1fe-42276ca9c27c', 'RC-4', 'Applicability and Feasibility', 4) ON CONFLICT DO NOTHING;
INSERT INTO period_criterion_outcome_maps (id, period_id, period_criterion_id, period_outcome_id, weight) VALUES ('749b79b8-2a51-4260-85b8-4ae9e01306fe', 'bb63166c-d38c-4278-a1e9-5c8b7b081a6c', 'f7160a57-742e-4428-ad3a-9ac826e3b2a4', '437af770-fc6a-48f1-adb4-a645576f9819', 1.0) ON CONFLICT DO NOTHING;
INSERT INTO period_criterion_outcome_maps (id, period_id, period_criterion_id, period_outcome_id, weight) VALUES ('a075eed7-8f0b-4b1c-ab86-5ac992c9d7b9', 'bb63166c-d38c-4278-a1e9-5c8b7b081a6c', 'c1ab6f6b-5e43-4f4f-aa87-bc0e498e5bf3', 'f5ac0f63-963d-4f6d-af5b-ec49bd879a52', 0.5) ON CONFLICT DO NOTHING;
INSERT INTO period_criterion_outcome_maps (id, period_id, period_criterion_id, period_outcome_id, weight) VALUES ('0734d174-17e4-4b6f-add7-504d6de10109', 'bb63166c-d38c-4278-a1e9-5c8b7b081a6c', 'c1ab6f6b-5e43-4f4f-aa87-bc0e498e5bf3', 'eb67f759-9882-4af1-ab7d-63e9ab951cf9', 0.5) ON CONFLICT DO NOTHING;
INSERT INTO period_criterion_outcome_maps (id, period_id, period_criterion_id, period_outcome_id, weight) VALUES ('6b2f11a9-f64e-4202-916b-a039bf824fc6', 'bb63166c-d38c-4278-a1e9-5c8b7b081a6c', 'e1076839-63e0-4033-aa0d-4dde565034ea', '4bbdd4f2-f5a1-4e1b-a6c2-f9f52a125626', 1.0) ON CONFLICT DO NOTHING;
INSERT INTO periods (id, organization_id, framework_id, name, season, is_current, is_locked, is_visible, poster_date, snapshot_frozen_at, start_date, end_date, description, updated_at) VALUES ('3f9cabdb-61dc-45da-afa5-dbb1747cd8c8', '088f5054-c9df-4c7f-a679-c1321524f250', 'cf0b03e5-576d-4961-a0cc-f86b7852b85f', '2024 Competition', 'Submission', false, true, true, DATE '2024-08-15' - integer '14', ('2024-06-01'::timestamp), DATE '2024-08-13', DATE '2024-08-15', 'TÜBİTAK 2204-A 2024 high-school research project competition — jury evaluation of scientific methodology, experimental rigor, and presentation.', timestamp '2024-06-01' + interval '2 days') ON CONFLICT DO NOTHING;
INSERT INTO period_criteria (id, period_id, source_criterion_id, key, label, short_label, max_score, weight, color, rubric_bands, sort_order) VALUES ('37ec86c1-bd1d-4155-a442-a1454ef973c5', '3f9cabdb-61dc-45da-afa5-dbb1747cd8c8', '9153ef48-d850-40bf-a60b-985c27b85214', 'originality', 'Research Originality', 'Originality', 40, 40, '#8B5CF6', '[{"level":"Excellent","min":35,"max":40,"range":"35–40","desc":"Research opens a new direction in the field. The hypothesis and methodology are innovative, and the contribution is significant."},{"level":"Good","min":27,"max":34,"range":"27–34","desc":"Highly original research with a novel hypothesis and mostly innovative methodology."},{"level":"Developing","min":16,"max":26,"range":"16–26","desc":"Research shows originality in some aspects but the overall contribution is limited."},{"level":"Insufficient","min":0,"max":15,"range":"0–15","desc":"Research lacks originality. Contribution is negligible or purely replicative."}]', 1) ON CONFLICT DO NOTHING;
INSERT INTO period_criteria (id, period_id, source_criterion_id, key, label, short_label, max_score, weight, color, rubric_bands, sort_order) VALUES ('3ac872ec-e845-4aec-a4e4-c27376aa77e8', '3f9cabdb-61dc-45da-afa5-dbb1747cd8c8', 'ed12bef7-680e-44c5-a2c2-eafd7f911f6b', 'scientific_method', 'Scientific Quality', 'Sci Quality', 35, 35, '#22C55E', '[{"level":"Excellent","min":30,"max":35,"range":"30–35","desc":"Sound scientific method applied consistently. Hypothesis is testable and all steps are correctly executed. Results are clearly presented."},{"level":"Good","min":23,"max":29,"range":"23–29","desc":"Good scientific method. Most steps are correct. Minor issues in execution or results presentation."},{"level":"Developing","min":13,"max":22,"range":"13–22","desc":"Scientific method partially applied. Some steps incorrect or omitted. Results unclear."},{"level":"Insufficient","min":0,"max":12,"range":"0–12","desc":"Scientific method not consistently applied. Results unreliable or missing."}]', 2) ON CONFLICT DO NOTHING;
INSERT INTO period_criteria (id, period_id, source_criterion_id, key, label, short_label, max_score, weight, color, rubric_bands, sort_order) VALUES ('795dd7aa-24c7-44df-acd2-44dbb529189c', '3f9cabdb-61dc-45da-afa5-dbb1747cd8c8', 'b2079523-b082-451d-afaa-b9f1ae7e5141', 'impact_and_presentation', 'Practical Impact', 'Impact', 25, 25, '#F59E0B', '[{"level":"Excellent","min":22,"max":25,"range":"22–25","desc":"Practical application of findings is clearly articulated. Societal, economic, or environmental benefit is well-argued with supporting evidence."},{"level":"Good","min":17,"max":21,"range":"17–21","desc":"Application of findings is described with reasonable supporting argument. Impact is mostly well-articulated."},{"level":"Developing","min":10,"max":16,"range":"10–16","desc":"Impact is mentioned but not well-argued. Application is speculative or vaguely described."},{"level":"Insufficient","min":0,"max":9,"range":"0–9","desc":"No meaningful discussion of practical impact or application. Findings are disconnected from real-world relevance."}]', 3) ON CONFLICT DO NOTHING;
INSERT INTO period_outcomes (id, period_id, source_outcome_id, code, label, sort_order) VALUES ('3df65d7d-879e-4bff-a891-87fbffe29653', '3f9cabdb-61dc-45da-afa5-dbb1747cd8c8', '927c6ee5-bb03-44b8-afda-2a97f4272add', 'RC-1', 'Originality and Creativity', 1) ON CONFLICT DO NOTHING;
INSERT INTO period_outcomes (id, period_id, source_outcome_id, code, label, sort_order) VALUES ('0f33a1de-6900-4758-ae0f-816b2b43a3f3', '3f9cabdb-61dc-45da-afa5-dbb1747cd8c8', '8258a7a0-3329-4b87-a2f9-ed57789c5d5f', 'RC-2', 'Scientific Method', 2) ON CONFLICT DO NOTHING;
INSERT INTO period_outcomes (id, period_id, source_outcome_id, code, label, sort_order) VALUES ('e1beba2b-0e40-41e3-a632-91a9155cfd21', '3f9cabdb-61dc-45da-afa5-dbb1747cd8c8', '29460c43-c2cc-42dc-a55c-9ae4ac05cb0f', 'RC-3', 'Results and Recommendations', 3) ON CONFLICT DO NOTHING;
INSERT INTO period_criterion_outcome_maps (id, period_id, period_criterion_id, period_outcome_id, weight) VALUES ('b262a087-8c22-40d3-84f8-00a22a93f279', '3f9cabdb-61dc-45da-afa5-dbb1747cd8c8', '37ec86c1-bd1d-4155-a442-a1454ef973c5', '3df65d7d-879e-4bff-a891-87fbffe29653', 1.0) ON CONFLICT DO NOTHING;
INSERT INTO period_criterion_outcome_maps (id, period_id, period_criterion_id, period_outcome_id, weight) VALUES ('debe7cf4-e218-49c2-8e4c-20d15ca11a79', '3f9cabdb-61dc-45da-afa5-dbb1747cd8c8', '3ac872ec-e845-4aec-a4e4-c27376aa77e8', '0f33a1de-6900-4758-ae0f-816b2b43a3f3', 0.6) ON CONFLICT DO NOTHING;
INSERT INTO period_criterion_outcome_maps (id, period_id, period_criterion_id, period_outcome_id, weight) VALUES ('24cbf5b7-b61a-4745-92f6-47e412273264', '3f9cabdb-61dc-45da-afa5-dbb1747cd8c8', '3ac872ec-e845-4aec-a4e4-c27376aa77e8', 'e1beba2b-0e40-41e3-a632-91a9155cfd21', 0.4) ON CONFLICT DO NOTHING;
INSERT INTO period_criterion_outcome_maps (id, period_id, period_criterion_id, period_outcome_id, weight) VALUES ('142d1348-8567-436c-87ae-2c71c81a6595', '3f9cabdb-61dc-45da-afa5-dbb1747cd8c8', '795dd7aa-24c7-44df-acd2-44dbb529189c', 'e1beba2b-0e40-41e3-a632-91a9155cfd21', 1.0) ON CONFLICT DO NOTHING;
INSERT INTO periods (id, organization_id, framework_id, name, season, is_current, is_locked, is_visible, poster_date, snapshot_frozen_at, start_date, end_date, description, updated_at) VALUES ('6c44b363-4522-4cad-a251-06484b72b164', 'ff81ecf1-13ac-44b2-a331-0a207a8c7184', '8df4448a-b223-4569-a92e-4c81b669b065', '2026 Contest', 'Evaluation', true, false, true, DATE '2026-08-15' - integer '14', ('2026-06-01'::timestamp + interval '1 day'), DATE '2026-08-13', DATE '2026-08-15', 'IEEE AP-S Student Design Contest 2026 — expert jury evaluation of student antenna and microwave engineering designs submitted internationally.', timestamp '2026-06-01' + interval '2 days') ON CONFLICT DO NOTHING;
INSERT INTO period_criteria (id, period_id, source_criterion_id, key, label, short_label, max_score, weight, color, rubric_bands, sort_order) VALUES ('bef0ee60-1170-401b-a860-190ae7af1d01', '6c44b363-4522-4cad-a251-06484b72b164', '87559029-8bad-47de-afc6-43faaa45230b', 'creativity', 'Design Creativity', 'Creativity', 30, 30, '#8B5CF6', '[{"level":"Excellent","min":27,"max":30,"range":"27–30","desc":"Design is highly creative: novel approach to the antenna/RF challenge with clear rationale for the non-conventional choices. Innovation is well-motivated."},{"level":"Good","min":21,"max":26,"range":"21–26","desc":"Design shows clear creative thinking. Approach is mostly novel with good rationale."},{"level":"Developing","min":13,"max":20,"range":"13–20","desc":"Some creative elements present but design is largely conventional. Limited exploration of alternatives."},{"level":"Insufficient","min":0,"max":12,"range":"0–12","desc":"Design is conventional with no meaningful creative contribution."}]', 1) ON CONFLICT DO NOTHING;
INSERT INTO period_criteria (id, period_id, source_criterion_id, key, label, short_label, max_score, weight, color, rubric_bands, sort_order) VALUES ('14b446ba-82d2-4360-a0d5-3d650c766907', '6c44b363-4522-4cad-a251-06484b72b164', 'ee91d9af-bcf4-49a4-a966-cbd063bbb8f5', 'technical_merit', 'Technical Merit', 'Technical', 40, 40, '#F59E0B', '[{"level":"Excellent","min":35,"max":40,"range":"35–40","desc":"Design is technically rigorous: electromagnetic analysis, simulation results, and measured performance are all consistent and meet specifications. Clear understanding of antenna theory demonstrated."},{"level":"Good","min":27,"max":34,"range":"27–34","desc":"Strong technical quality. Analysis and simulation are mostly correct. Measured performance mostly meets specifications."},{"level":"Developing","min":16,"max":26,"range":"16–26","desc":"Technical work is present but has gaps. Some analysis incorrect or simulation results inconsistent with measurements."},{"level":"Insufficient","min":0,"max":15,"range":"0–15","desc":"Technical work has critical errors or is largely absent. Design does not meet specifications."}]', 2) ON CONFLICT DO NOTHING;
INSERT INTO period_criteria (id, period_id, source_criterion_id, key, label, short_label, max_score, weight, color, rubric_bands, sort_order) VALUES ('c7b88d63-b8b9-4151-ae69-d608d9cc4435', '6c44b363-4522-4cad-a251-06484b72b164', '03cdba6e-ce74-412d-ab8a-8819efca56ba', 'application_and_presentation', 'Application Value', 'Application', 30, 30, '#22C55E', '[{"level":"Excellent","min":27,"max":30,"range":"27–30","desc":"Application is clearly identified and well-motivated. The antenna design is directly suited to the proposed use case. Real-world deployment considerations are addressed."},{"level":"Good","min":21,"max":26,"range":"21–26","desc":"Application is identified with reasonable motivation. Design is mostly suited to the use case. Some deployment considerations addressed."},{"level":"Developing","min":13,"max":20,"range":"13–20","desc":"Application is mentioned but not well-motivated. Design suitability for the use case is only partially demonstrated."},{"level":"Insufficient","min":0,"max":12,"range":"0–12","desc":"No clear application identified, or the design is not suited to the stated application."}]', 3) ON CONFLICT DO NOTHING;
INSERT INTO period_outcomes (id, period_id, source_outcome_id, code, label, sort_order) VALUES ('a1d7fcba-4898-43dc-a93c-c694b0363915', '6c44b363-4522-4cad-a251-06484b72b164', 'd4f70008-8664-4fc1-adca-346d3719c329', 'DC-1', 'Creativity', 1) ON CONFLICT DO NOTHING;
INSERT INTO period_outcomes (id, period_id, source_outcome_id, code, label, sort_order) VALUES ('a4cfecc0-11f3-42c4-acb0-0f103676c76e', '6c44b363-4522-4cad-a251-06484b72b164', '22c36b11-dbe6-4200-a746-877759e831c7', 'DC-2', 'Technical Merit', 2) ON CONFLICT DO NOTHING;
INSERT INTO period_outcomes (id, period_id, source_outcome_id, code, label, sort_order) VALUES ('b9d52774-972a-4cb6-a1e2-0b96ca31f4de', '6c44b363-4522-4cad-a251-06484b72b164', 'c08428e2-0dca-42a4-a982-8f8f34f1a827', 'DC-3', 'Practical Application', 3) ON CONFLICT DO NOTHING;
INSERT INTO period_outcomes (id, period_id, source_outcome_id, code, label, sort_order) VALUES ('4b576b1f-7904-48b5-acba-5edad81d49a0', '6c44b363-4522-4cad-a251-06484b72b164', '208c4237-ddb7-4d8d-ae87-221df0bf5619', 'DC-4', 'Educational Value', 4) ON CONFLICT DO NOTHING;
INSERT INTO period_criterion_outcome_maps (id, period_id, period_criterion_id, period_outcome_id, weight) VALUES ('d0cd8c40-d8ef-4ea0-a4a7-1f7c55ac396c', '6c44b363-4522-4cad-a251-06484b72b164', 'bef0ee60-1170-401b-a860-190ae7af1d01', 'a1d7fcba-4898-43dc-a93c-c694b0363915', 1.0) ON CONFLICT DO NOTHING;
INSERT INTO period_criterion_outcome_maps (id, period_id, period_criterion_id, period_outcome_id, weight) VALUES ('4902d381-95fc-4661-b806-34a6d571bbd3', '6c44b363-4522-4cad-a251-06484b72b164', '14b446ba-82d2-4360-a0d5-3d650c766907', 'a4cfecc0-11f3-42c4-acb0-0f103676c76e', 0.7) ON CONFLICT DO NOTHING;
INSERT INTO period_criterion_outcome_maps (id, period_id, period_criterion_id, period_outcome_id, weight) VALUES ('3eab4751-23e2-4281-87fa-9c39ebda3722', '6c44b363-4522-4cad-a251-06484b72b164', '14b446ba-82d2-4360-a0d5-3d650c766907', 'a1d7fcba-4898-43dc-a93c-c694b0363915', 0.3) ON CONFLICT DO NOTHING;
INSERT INTO period_criterion_outcome_maps (id, period_id, period_criterion_id, period_outcome_id, weight) VALUES ('d4f487da-e70a-48c8-84ad-ceacc3c7631d', '6c44b363-4522-4cad-a251-06484b72b164', 'c7b88d63-b8b9-4151-ae69-d608d9cc4435', 'b9d52774-972a-4cb6-a1e2-0b96ca31f4de', 0.6) ON CONFLICT DO NOTHING;
INSERT INTO period_criterion_outcome_maps (id, period_id, period_criterion_id, period_outcome_id, weight) VALUES ('b1dcdd61-8a1d-49ef-ab29-8fedac7567e4', '6c44b363-4522-4cad-a251-06484b72b164', 'c7b88d63-b8b9-4151-ae69-d608d9cc4435', '4b576b1f-7904-48b5-acba-5edad81d49a0', 0.4) ON CONFLICT DO NOTHING;
INSERT INTO periods (id, organization_id, framework_id, name, season, is_current, is_locked, is_visible, poster_date, snapshot_frozen_at, start_date, end_date, description, updated_at) VALUES ('318124ea-8614-4355-ad48-2486524dfc13', 'ff81ecf1-13ac-44b2-a331-0a207a8c7184', '8df4448a-b223-4569-a92e-4c81b669b065', '2025 Contest', 'Review', false, true, true, DATE '2025-08-15' - integer '14', ('2025-06-01'::timestamp), DATE '2025-08-13', DATE '2025-08-15', 'IEEE AP-S Student Design Contest 2025 — expert jury evaluation of student antenna and microwave engineering designs submitted internationally.', timestamp '2025-06-01' + interval '2 days') ON CONFLICT DO NOTHING;
INSERT INTO period_criteria (id, period_id, source_criterion_id, key, label, short_label, max_score, weight, color, rubric_bands, sort_order) VALUES ('f9fff257-dd3c-402c-a751-be4cd5b12e92', '318124ea-8614-4355-ad48-2486524dfc13', '87559029-8bad-47de-afc6-43faaa45230b', 'creativity', 'Innovation & Originality', 'Innovation', 25, 25, '#8B5CF6', '[{"level":"Excellent","min":22,"max":25,"range":"22–25","desc":"Original and innovative antenna design. The approach addresses the contest challenge in an unexpected but well-justified way."},{"level":"Good","min":17,"max":21,"range":"17–21","desc":"Mostly original design with clear innovative intent. Some conventional elements with good justification."},{"level":"Developing","min":10,"max":16,"range":"10–16","desc":"Design shows limited innovation. Approach is mostly conventional with minor novel elements."},{"level":"Insufficient","min":0,"max":9,"range":"0–9","desc":"Design is entirely conventional. No evidence of creative exploration."}]', 1) ON CONFLICT DO NOTHING;
INSERT INTO period_criteria (id, period_id, source_criterion_id, key, label, short_label, max_score, weight, color, rubric_bands, sort_order) VALUES ('e64b33e7-ae8d-4c65-a011-618a8d31e2c4', '318124ea-8614-4355-ad48-2486524dfc13', 'ee91d9af-bcf4-49a4-a966-cbd063bbb8f5', 'technical_merit', 'Technical Depth', 'Technical', 45, 45, '#F59E0B', '[{"level":"Excellent","min":39,"max":45,"range":"39–45","desc":"Technically outstanding: rigorous electromagnetic analysis, validated by simulation and measurement. All specifications met. Design demonstrates mastery of antenna engineering."},{"level":"Good","min":30,"max":38,"range":"30–38","desc":"Very strong technical quality. Most analyses correct and validated. Minor discrepancies between simulation and measurement."},{"level":"Developing","min":18,"max":29,"range":"18–29","desc":"Adequate technical work with notable gaps. Some analyses missing or incorrect. Partial validation of specifications."},{"level":"Insufficient","min":0,"max":17,"range":"0–17","desc":"Technical work has major errors or is substantially incomplete. Specifications not demonstrated."}]', 2) ON CONFLICT DO NOTHING;
INSERT INTO period_criteria (id, period_id, source_criterion_id, key, label, short_label, max_score, weight, color, rubric_bands, sort_order) VALUES ('364bedf6-a50f-425c-aa45-3567c85d5ff8', '318124ea-8614-4355-ad48-2486524dfc13', '03cdba6e-ce74-412d-ab8a-8819efca56ba', 'application_and_presentation', 'Real-World Applicability', 'Applicability', 30, 30, '#22C55E', '[{"level":"Excellent","min":27,"max":30,"range":"27–30","desc":"Application is clearly identified and well-motivated. The antenna design is directly suited to the proposed use case. Real-world deployment considerations are addressed."},{"level":"Good","min":21,"max":26,"range":"21–26","desc":"Application is identified with reasonable motivation. Design is mostly suited to the use case. Some deployment considerations addressed."},{"level":"Developing","min":13,"max":20,"range":"13–20","desc":"Application is mentioned but not well-motivated. Design suitability for the use case is only partially demonstrated."},{"level":"Insufficient","min":0,"max":12,"range":"0–12","desc":"No clear application identified, or the design is not suited to the stated application."}]', 3) ON CONFLICT DO NOTHING;
INSERT INTO period_outcomes (id, period_id, source_outcome_id, code, label, sort_order) VALUES ('bda43672-8856-400b-aab9-896d99b2db46', '318124ea-8614-4355-ad48-2486524dfc13', 'd4f70008-8664-4fc1-adca-346d3719c329', 'DC-1', 'Creativity', 1) ON CONFLICT DO NOTHING;
INSERT INTO period_outcomes (id, period_id, source_outcome_id, code, label, sort_order) VALUES ('db67f25a-34b4-41d2-ab4f-34e3d3f9ac9b', '318124ea-8614-4355-ad48-2486524dfc13', '22c36b11-dbe6-4200-a746-877759e831c7', 'DC-2', 'Technical Merit', 2) ON CONFLICT DO NOTHING;
INSERT INTO period_outcomes (id, period_id, source_outcome_id, code, label, sort_order) VALUES ('01bf8ecb-1c02-476c-a436-f1d2b5c08ee7', '318124ea-8614-4355-ad48-2486524dfc13', 'c08428e2-0dca-42a4-a982-8f8f34f1a827', 'DC-3', 'Practical Application', 3) ON CONFLICT DO NOTHING;
INSERT INTO period_criterion_outcome_maps (id, period_id, period_criterion_id, period_outcome_id, weight) VALUES ('2ab805b3-4b88-41fd-83cd-56bb5d9bd818', '318124ea-8614-4355-ad48-2486524dfc13', 'f9fff257-dd3c-402c-a751-be4cd5b12e92', 'bda43672-8856-400b-aab9-896d99b2db46', 1.0) ON CONFLICT DO NOTHING;
INSERT INTO period_criterion_outcome_maps (id, period_id, period_criterion_id, period_outcome_id, weight) VALUES ('a617a820-b786-4efa-b06c-139296435212', '318124ea-8614-4355-ad48-2486524dfc13', 'e64b33e7-ae8d-4c65-a011-618a8d31e2c4', 'db67f25a-34b4-41d2-ab4f-34e3d3f9ac9b', 1.0) ON CONFLICT DO NOTHING;
INSERT INTO period_criterion_outcome_maps (id, period_id, period_criterion_id, period_outcome_id, weight) VALUES ('44b05fd2-4918-4c9f-8adb-4a46b31f759d', '318124ea-8614-4355-ad48-2486524dfc13', '364bedf6-a50f-425c-aa45-3567c85d5ff8', '01bf8ecb-1c02-476c-a436-f1d2b5c08ee7', 1.0) ON CONFLICT DO NOTHING;
INSERT INTO periods (id, organization_id, framework_id, name, season, is_current, is_locked, is_visible, poster_date, snapshot_frozen_at, start_date, end_date, description, updated_at) VALUES ('b7014c23-db5e-4be5-a5d6-d9597e8578cc', 'ff81ecf1-13ac-44b2-a331-0a207a8c7184', '8df4448a-b223-4569-a92e-4c81b669b065', '2024 Contest', 'Registration', false, true, true, DATE '2024-08-15' - integer '14', ('2024-06-01'::timestamp), DATE '2024-08-13', DATE '2024-08-15', 'IEEE AP-S Student Design Contest 2024 — expert jury evaluation of student antenna and microwave engineering designs submitted internationally.', timestamp '2024-06-01' + interval '2 days') ON CONFLICT DO NOTHING;
INSERT INTO period_criteria (id, period_id, source_criterion_id, key, label, short_label, max_score, weight, color, rubric_bands, sort_order) VALUES ('ba64aea1-ea3d-4194-a943-072cecebe7da', 'b7014c23-db5e-4be5-a5d6-d9597e8578cc', '87559029-8bad-47de-afc6-43faaa45230b', 'creativity', 'Creative Design', 'Creativity', 35, 35, '#8B5CF6', '[{"level":"Excellent","min":31,"max":35,"range":"31–35","desc":"Exceptionally creative design that challenges conventional approaches. Multiple innovative features are present, each well-justified. Design stands out in originality."},{"level":"Good","min":24,"max":30,"range":"24–30","desc":"Highly creative design with multiple novel features. Most are well-justified."},{"level":"Developing","min":14,"max":23,"range":"14–23","desc":"Design contains some creative elements but significant portions are conventional. Innovation is partially justified."},{"level":"Insufficient","min":0,"max":13,"range":"0–13","desc":"Design is largely conventional with at most superficial creative features."}]', 1) ON CONFLICT DO NOTHING;
INSERT INTO period_criteria (id, period_id, source_criterion_id, key, label, short_label, max_score, weight, color, rubric_bands, sort_order) VALUES ('98470b72-67ab-4567-a032-60878aa519ac', 'b7014c23-db5e-4be5-a5d6-d9597e8578cc', 'ee91d9af-bcf4-49a4-a966-cbd063bbb8f5', 'technical_merit', 'Technical Excellence', 'Technical', 35, 35, '#F59E0B', '[{"level":"Excellent","min":30,"max":35,"range":"30–35","desc":"Technically sound design with correct analysis and good agreement between simulation and measured results. Specifications met with margin."},{"level":"Good","min":23,"max":29,"range":"23–29","desc":"Good technical quality. Analysis mostly correct. Reasonable agreement between simulation and measurement."},{"level":"Developing","min":13,"max":22,"range":"13–22","desc":"Adequate technical work but with notable errors or gaps. Partial specification compliance."},{"level":"Insufficient","min":0,"max":12,"range":"0–12","desc":"Technical work has significant errors. Specifications not met."}]', 2) ON CONFLICT DO NOTHING;
INSERT INTO period_criteria (id, period_id, source_criterion_id, key, label, short_label, max_score, weight, color, rubric_bands, sort_order) VALUES ('4ed2d550-6e1d-445e-a788-36a46c491f1a', 'b7014c23-db5e-4be5-a5d6-d9597e8578cc', '03cdba6e-ce74-412d-ab8a-8819efca56ba', 'application_and_presentation', 'Antenna Application', 'Application', 30, 30, '#22C55E', '[{"level":"Excellent","min":27,"max":30,"range":"27–30","desc":"Application is clearly identified and well-motivated. The antenna design is directly suited to the proposed use case. Real-world deployment considerations are addressed."},{"level":"Good","min":21,"max":26,"range":"21–26","desc":"Application is identified with reasonable motivation. Design is mostly suited to the use case. Some deployment considerations addressed."},{"level":"Developing","min":13,"max":20,"range":"13–20","desc":"Application is mentioned but not well-motivated. Design suitability for the use case is only partially demonstrated."},{"level":"Insufficient","min":0,"max":12,"range":"0–12","desc":"No clear application identified, or the design is not suited to the stated application."}]', 3) ON CONFLICT DO NOTHING;
INSERT INTO period_outcomes (id, period_id, source_outcome_id, code, label, sort_order) VALUES ('c431b523-edef-4ce3-aa48-ad23008c703a', 'b7014c23-db5e-4be5-a5d6-d9597e8578cc', '22c36b11-dbe6-4200-a746-877759e831c7', 'DC-2', 'Technical Merit', 1) ON CONFLICT DO NOTHING;
INSERT INTO period_outcomes (id, period_id, source_outcome_id, code, label, sort_order) VALUES ('50629813-93b3-4f8f-a9e5-e6311e7dfb84', 'b7014c23-db5e-4be5-a5d6-d9597e8578cc', 'c08428e2-0dca-42a4-a982-8f8f34f1a827', 'DC-3', 'Practical Application', 2) ON CONFLICT DO NOTHING;
INSERT INTO period_outcomes (id, period_id, source_outcome_id, code, label, sort_order) VALUES ('33653e1e-a34b-4726-a7a9-156e8e811b41', 'b7014c23-db5e-4be5-a5d6-d9597e8578cc', '208c4237-ddb7-4d8d-ae87-221df0bf5619', 'DC-4', 'Educational Value', 3) ON CONFLICT DO NOTHING;
INSERT INTO period_criterion_outcome_maps (id, period_id, period_criterion_id, period_outcome_id, weight) VALUES ('e7db7050-6cdf-402d-a8c9-58172ec5a0da', 'b7014c23-db5e-4be5-a5d6-d9597e8578cc', 'ba64aea1-ea3d-4194-a943-072cecebe7da', 'c431b523-edef-4ce3-aa48-ad23008c703a', 0.5) ON CONFLICT DO NOTHING;
INSERT INTO period_criterion_outcome_maps (id, period_id, period_criterion_id, period_outcome_id, weight) VALUES ('1ab888bd-12ab-43ed-8981-6ad1a0b304d0', 'b7014c23-db5e-4be5-a5d6-d9597e8578cc', 'ba64aea1-ea3d-4194-a943-072cecebe7da', '50629813-93b3-4f8f-a9e5-e6311e7dfb84', 0.5) ON CONFLICT DO NOTHING;
INSERT INTO period_criterion_outcome_maps (id, period_id, period_criterion_id, period_outcome_id, weight) VALUES ('71cc17d1-d597-44dd-bc28-f1f81d12e2ac', 'b7014c23-db5e-4be5-a5d6-d9597e8578cc', '98470b72-67ab-4567-a032-60878aa519ac', 'c431b523-edef-4ce3-aa48-ad23008c703a', 1.0) ON CONFLICT DO NOTHING;
INSERT INTO period_criterion_outcome_maps (id, period_id, period_criterion_id, period_outcome_id, weight) VALUES ('e349b3d6-a8d9-4a5d-b0b3-1267c368b3cc', 'b7014c23-db5e-4be5-a5d6-d9597e8578cc', '4ed2d550-6e1d-445e-a788-36a46c491f1a', '50629813-93b3-4f8f-a9e5-e6311e7dfb84', 0.5) ON CONFLICT DO NOTHING;
INSERT INTO period_criterion_outcome_maps (id, period_id, period_criterion_id, period_outcome_id, weight) VALUES ('f0833ce1-0774-42c8-bf7d-ad8211918594', 'b7014c23-db5e-4be5-a5d6-d9597e8578cc', '4ed2d550-6e1d-445e-a788-36a46c491f1a', '33653e1e-a34b-4726-a7a9-156e8e811b41', 0.5) ON CONFLICT DO NOTHING;
INSERT INTO periods (id, organization_id, framework_id, name, season, is_current, is_locked, is_visible, poster_date, snapshot_frozen_at, start_date, end_date, description, updated_at) VALUES ('47979751-163d-48b3-ae56-a65586d18f1b', 'b72b74d8-1d2c-4b0d-a982-48bfbed8fb29', '80954c7f-86cc-4d85-aa08-2a6c6d59e7ff', '2026 Season', 'Spring', true, false, true, DATE '2026-08-15' - integer '14', ('2026-06-01'::timestamp + interval '1 day'), DATE '2026-08-13', DATE '2026-08-15', 'CanSat Competition 2026 — jury evaluation of miniaturized satellite designs covering descent control, telemetry, and atmospheric sensing missions.', timestamp '2026-06-01' + interval '2 days') ON CONFLICT DO NOTHING;
INSERT INTO period_criteria (id, period_id, source_criterion_id, key, label, short_label, max_score, weight, color, rubric_bands, sort_order) VALUES ('c33e7c6c-d2a0-4a2a-a56d-61625346ba0d', '47979751-163d-48b3-ae56-a65586d18f1b', '4f8cf9da-b0c7-4a62-ae00-c127f9c6eb8a', 'design_compliance', 'Mission Compliance', 'Compliance', 20, 20, '#6366F1', '[{"level":"Excellent","min":17,"max":20,"range":"17–20","desc":"All design constraints met: mass, volume, and interface specifications fully complied with. Design documentation is complete and accurate."},{"level":"Good","min":13,"max":16,"range":"13–16","desc":"Most design constraints met. Minor deviations documented and justified. Documentation mostly complete."},{"level":"Developing","min":8,"max":12,"range":"8–12","desc":"Some design constraints met. Notable deviations not all justified. Documentation incomplete."},{"level":"Insufficient","min":0,"max":7,"range":"0–7","desc":"Major design constraints not met. Design is non-compliant. Documentation substantially incomplete."}]', 1) ON CONFLICT DO NOTHING;
INSERT INTO period_criteria (id, period_id, source_criterion_id, key, label, short_label, max_score, weight, color, rubric_bands, sort_order) VALUES ('02116bcb-cbfa-4011-ad98-97f3cf2c7f2d', '47979751-163d-48b3-ae56-a65586d18f1b', '2acdc2ab-1710-48df-a764-c1e4b5e8ec4e', 'mission_execution', 'Mission Performance', 'Performance', 35, 35, '#22C55E', '[{"level":"Excellent","min":31,"max":35,"range":"31–35","desc":"All primary mission objectives are achieved. System performs reliably through all phases of the mission profile. Telemetry data is complete and accurate."},{"level":"Good","min":24,"max":30,"range":"24–30","desc":"Most primary mission objectives achieved. System performs adequately through most mission phases. Telemetry mostly complete."},{"level":"Developing","min":14,"max":23,"range":"14–23","desc":"Some mission objectives achieved. Performance gaps in one or more mission phases. Telemetry partially complete."},{"level":"Insufficient","min":0,"max":13,"range":"0–13","desc":"Most mission objectives not achieved. System fails in critical phases. Telemetry data substantially incomplete."}]', 2) ON CONFLICT DO NOTHING;
INSERT INTO period_criteria (id, period_id, source_criterion_id, key, label, short_label, max_score, weight, color, rubric_bands, sort_order) VALUES ('9ade7fa5-71bd-49c2-ab3b-54b92cad1f11', '47979751-163d-48b3-ae56-a65586d18f1b', '7065e7e2-dffe-49f3-a6bf-2d59c6661b90', 'data_and_documentation', 'Data Quality & Analysis', 'Data', 25, 25, '#F59E0B', '[{"level":"Excellent","min":22,"max":25,"range":"22–25","desc":"Data quality is high: sensors are calibrated, acquisition rate is appropriate, and all required telemetry channels are present. Data analysis is thorough and conclusions well-supported."},{"level":"Good","min":17,"max":21,"range":"17–21","desc":"Good data quality. Most sensors calibrated and data acquisition complete. Analysis is mostly thorough."},{"level":"Developing","min":10,"max":16,"range":"10–16","desc":"Data quality is variable. Some sensors uncalibrated or channels missing. Analysis is partial."},{"level":"Insufficient","min":0,"max":9,"range":"0–9","desc":"Data quality is poor. Significant missing or corrupted channels. Analysis is absent or superficial."}]', 3) ON CONFLICT DO NOTHING;
INSERT INTO period_criteria (id, period_id, source_criterion_id, key, label, short_label, max_score, weight, color, rubric_bands, sort_order) VALUES ('18f89a44-f174-4ac6-a17a-56d22bfbca1c', '47979751-163d-48b3-ae56-a65586d18f1b', '089917fe-ade5-4d49-a70d-d9b1f8f6d319', 'safety_and_recovery', 'Safety & Documentation', 'Safety', 20, 20, '#EF4444', '[{"level":"Excellent","min":17,"max":20,"range":"17–20","desc":"All safety requirements documented and implemented. Emergency procedures are complete and rehearsed. Risk register is current."},{"level":"Good","min":13,"max":16,"range":"13–16","desc":"Most safety requirements implemented. Emergency procedures mostly complete. Risk register mostly current."},{"level":"Developing","min":8,"max":12,"range":"8–12","desc":"Some safety requirements implemented. Emergency procedures incomplete. Risk register has gaps."},{"level":"Insufficient","min":0,"max":7,"range":"0–7","desc":"Safety requirements largely unaddressed. Emergency procedures absent or inadequate."}]', 4) ON CONFLICT DO NOTHING;
INSERT INTO period_outcomes (id, period_id, source_outcome_id, code, label, sort_order) VALUES ('2509554a-6c30-48a6-a234-69bc6c197b9c', '47979751-163d-48b3-ae56-a65586d18f1b', 'a7c6db91-308c-49ba-a91a-172d1e4f00f8', 'CS-1', 'Design Constraints Compliance', 1) ON CONFLICT DO NOTHING;
INSERT INTO period_outcomes (id, period_id, source_outcome_id, code, label, sort_order) VALUES ('7698d6e4-025b-427b-aa70-05e9c84f1d5b', '47979751-163d-48b3-ae56-a65586d18f1b', '5589d3d4-c99e-4d87-a314-83e41236ca3a', 'CS-2', 'Primary Mission Execution', 2) ON CONFLICT DO NOTHING;
INSERT INTO period_outcomes (id, period_id, source_outcome_id, code, label, sort_order) VALUES ('4552a456-f3e9-4d16-a606-76a25210e5b2', '47979751-163d-48b3-ae56-a65586d18f1b', '8e106aab-5b22-43d8-aa13-3ce02bff7660', 'CS-3', 'Descent Control and Recovery', 3) ON CONFLICT DO NOTHING;
INSERT INTO period_outcomes (id, period_id, source_outcome_id, code, label, sort_order) VALUES ('abc4b9f6-b584-4866-af1c-2f12562a7247', '47979751-163d-48b3-ae56-a65586d18f1b', '7d5079e4-7b9c-4643-ac59-588ae909330f', 'CS-4', 'Safety and Restrictions Compliance', 4) ON CONFLICT DO NOTHING;
INSERT INTO period_outcomes (id, period_id, source_outcome_id, code, label, sort_order) VALUES ('95119ea4-1abc-4954-a4c1-5e0f6f4e5f0b', '47979751-163d-48b3-ae56-a65586d18f1b', '08691235-b202-4833-a43d-46b4b5383f13', 'CS-5', 'Secondary Mission Originality', 5) ON CONFLICT DO NOTHING;
INSERT INTO period_outcomes (id, period_id, source_outcome_id, code, label, sort_order) VALUES ('90a167c3-1619-4362-a7df-37e8513bdb49', '47979751-163d-48b3-ae56-a65586d18f1b', 'bce51d2c-50dc-4702-aa43-169b8160e443', 'CS-6', 'Data Analysis and Documentation Quality', 6) ON CONFLICT DO NOTHING;
INSERT INTO period_criterion_outcome_maps (id, period_id, period_criterion_id, period_outcome_id, weight) VALUES ('4271dd28-dbf6-40e8-b97a-273688a4fead', '47979751-163d-48b3-ae56-a65586d18f1b', 'c33e7c6c-d2a0-4a2a-a56d-61625346ba0d', '2509554a-6c30-48a6-a234-69bc6c197b9c', 0.6) ON CONFLICT DO NOTHING;
INSERT INTO period_criterion_outcome_maps (id, period_id, period_criterion_id, period_outcome_id, weight) VALUES ('5769c13a-7d31-4e4c-bbe5-752f4083f30d', '47979751-163d-48b3-ae56-a65586d18f1b', 'c33e7c6c-d2a0-4a2a-a56d-61625346ba0d', 'abc4b9f6-b584-4866-af1c-2f12562a7247', 0.4) ON CONFLICT DO NOTHING;
INSERT INTO period_criterion_outcome_maps (id, period_id, period_criterion_id, period_outcome_id, weight) VALUES ('94927ee0-8c93-44ed-a363-44f5875dfd72', '47979751-163d-48b3-ae56-a65586d18f1b', '02116bcb-cbfa-4011-ad98-97f3cf2c7f2d', '7698d6e4-025b-427b-aa70-05e9c84f1d5b', 0.5) ON CONFLICT DO NOTHING;
INSERT INTO period_criterion_outcome_maps (id, period_id, period_criterion_id, period_outcome_id, weight) VALUES ('0af55bc3-9f17-403d-b94f-8fbef3da5bf3', '47979751-163d-48b3-ae56-a65586d18f1b', '02116bcb-cbfa-4011-ad98-97f3cf2c7f2d', '4552a456-f3e9-4d16-a606-76a25210e5b2', 0.5) ON CONFLICT DO NOTHING;
INSERT INTO period_criterion_outcome_maps (id, period_id, period_criterion_id, period_outcome_id, weight) VALUES ('7b80226b-c859-4d40-8cbc-fce11370f693', '47979751-163d-48b3-ae56-a65586d18f1b', '9ade7fa5-71bd-49c2-ab3b-54b92cad1f11', '90a167c3-1619-4362-a7df-37e8513bdb49', 1.0) ON CONFLICT DO NOTHING;
INSERT INTO period_criterion_outcome_maps (id, period_id, period_criterion_id, period_outcome_id, weight) VALUES ('d4ca8777-30d2-4bfa-bc45-13dd4ac33929', '47979751-163d-48b3-ae56-a65586d18f1b', '18f89a44-f174-4ac6-a17a-56d22bfbca1c', 'abc4b9f6-b584-4866-af1c-2f12562a7247', 0.5) ON CONFLICT DO NOTHING;
INSERT INTO period_criterion_outcome_maps (id, period_id, period_criterion_id, period_outcome_id, weight) VALUES ('0d0164f2-d8b4-4303-95ad-8ec623e2d378', '47979751-163d-48b3-ae56-a65586d18f1b', '18f89a44-f174-4ac6-a17a-56d22bfbca1c', '95119ea4-1abc-4954-a4c1-5e0f6f4e5f0b', 0.5) ON CONFLICT DO NOTHING;
INSERT INTO periods (id, organization_id, framework_id, name, season, is_current, is_locked, is_visible, poster_date, snapshot_frozen_at, start_date, end_date, description, updated_at) VALUES ('10abd4e8-0cb9-4853-a17c-ac40da311bff', 'b72b74d8-1d2c-4b0d-a982-48bfbed8fb29', '80954c7f-86cc-4d85-aa08-2a6c6d59e7ff', '2025 Season', 'Spring', false, true, true, DATE '2025-08-15' - integer '14', ('2025-06-01'::timestamp), DATE '2025-08-13', DATE '2025-08-15', 'CanSat Competition 2025 — jury evaluation of miniaturized satellite designs covering descent control, telemetry, and atmospheric sensing missions.', timestamp '2025-06-01' + interval '2 days') ON CONFLICT DO NOTHING;
INSERT INTO period_criteria (id, period_id, source_criterion_id, key, label, short_label, max_score, weight, color, rubric_bands, sort_order) VALUES ('2d275ae4-9bda-42d7-a98b-0c5c22a7346f', '10abd4e8-0cb9-4853-a17c-ac40da311bff', '4f8cf9da-b0c7-4a62-ae00-c127f9c6eb8a', 'design_compliance', 'Requirements Compliance', 'Compliance', 15, 15, '#6366F1', '[{"level":"Excellent","min":13,"max":15,"range":"13–15","desc":"Full compliance with all requirements. Documentation is complete and verifiable against the specification checklist."},{"level":"Good","min":10,"max":12,"range":"10–12","desc":"Compliance with most requirements. Minor gaps documented. Documentation mostly complete."},{"level":"Developing","min":6,"max":9,"range":"6–9","desc":"Partial compliance. Some requirements not met or not documented. Gaps not fully explained."},{"level":"Insufficient","min":0,"max":5,"range":"0–5","desc":"Significant non-compliance with requirements. Documentation is substantially incomplete."}]', 1) ON CONFLICT DO NOTHING;
INSERT INTO period_criteria (id, period_id, source_criterion_id, key, label, short_label, max_score, weight, color, rubric_bands, sort_order) VALUES ('b5706a3d-f4c5-46a9-a86c-4b4e3082665c', '10abd4e8-0cb9-4853-a17c-ac40da311bff', '2acdc2ab-1710-48df-a764-c1e4b5e8ec4e', 'mission_execution', 'Mission Success', 'Mission', 40, 40, '#22C55E', '[{"level":"Excellent","min":35,"max":40,"range":"35–40","desc":"Mission executed successfully with all primary objectives met. System demonstrates robustness throughout. All telemetry received and within expected parameters."},{"level":"Good","min":27,"max":34,"range":"27–34","desc":"Mission largely successful. Most primary objectives met. Minor anomalies documented. Telemetry mostly within parameters."},{"level":"Developing","min":16,"max":26,"range":"16–26","desc":"Partial mission success. Some primary objectives met. Notable anomalies. Telemetry gaps present."},{"level":"Insufficient","min":0,"max":15,"range":"0–15","desc":"Mission largely unsuccessful. Critical objectives not met. Significant telemetry loss."}]', 2) ON CONFLICT DO NOTHING;
INSERT INTO period_criteria (id, period_id, source_criterion_id, key, label, short_label, max_score, weight, color, rubric_bands, sort_order) VALUES ('73155527-14c8-4fff-a5a3-8847cbf901cc', '10abd4e8-0cb9-4853-a17c-ac40da311bff', '7065e7e2-dffe-49f3-a6bf-2d59c6661b90', 'data_and_documentation', 'Telemetry & Analysis', 'Data', 25, 25, '#F59E0B', '[{"level":"Excellent","min":22,"max":25,"range":"22–25","desc":"Data quality is high: sensors are calibrated, acquisition rate is appropriate, and all required telemetry channels are present. Data analysis is thorough and conclusions well-supported."},{"level":"Good","min":17,"max":21,"range":"17–21","desc":"Good data quality. Most sensors calibrated and data acquisition complete. Analysis is mostly thorough."},{"level":"Developing","min":10,"max":16,"range":"10–16","desc":"Data quality is variable. Some sensors uncalibrated or channels missing. Analysis is partial."},{"level":"Insufficient","min":0,"max":9,"range":"0–9","desc":"Data quality is poor. Significant missing or corrupted channels. Analysis is absent or superficial."}]', 3) ON CONFLICT DO NOTHING;
INSERT INTO period_criteria (id, period_id, source_criterion_id, key, label, short_label, max_score, weight, color, rubric_bands, sort_order) VALUES ('93da0efc-1f68-4c82-afa8-15b5afd72df7', '10abd4e8-0cb9-4853-a17c-ac40da311bff', '089917fe-ade5-4d49-a70d-d9b1f8f6d319', 'safety_and_recovery', 'Safety Protocol', 'Safety', 20, 20, '#EF4444', '[{"level":"Excellent","min":17,"max":20,"range":"17–20","desc":"All safety requirements documented and implemented. Emergency procedures are complete and rehearsed. Risk register is current."},{"level":"Good","min":13,"max":16,"range":"13–16","desc":"Most safety requirements implemented. Emergency procedures mostly complete. Risk register mostly current."},{"level":"Developing","min":8,"max":12,"range":"8–12","desc":"Some safety requirements implemented. Emergency procedures incomplete. Risk register has gaps."},{"level":"Insufficient","min":0,"max":7,"range":"0–7","desc":"Safety requirements largely unaddressed. Emergency procedures absent or inadequate."}]', 4) ON CONFLICT DO NOTHING;
INSERT INTO period_outcomes (id, period_id, source_outcome_id, code, label, sort_order) VALUES ('dfe056ed-24a0-44e8-a432-4ee3c96e6487', '10abd4e8-0cb9-4853-a17c-ac40da311bff', 'a7c6db91-308c-49ba-a91a-172d1e4f00f8', 'CS-1', 'Design Constraints Compliance', 1) ON CONFLICT DO NOTHING;
INSERT INTO period_outcomes (id, period_id, source_outcome_id, code, label, sort_order) VALUES ('8883904a-0682-41ec-a6aa-01dac16e3f60', '10abd4e8-0cb9-4853-a17c-ac40da311bff', '5589d3d4-c99e-4d87-a314-83e41236ca3a', 'CS-2', 'Primary Mission Execution', 2) ON CONFLICT DO NOTHING;
INSERT INTO period_outcomes (id, period_id, source_outcome_id, code, label, sort_order) VALUES ('5b716032-08de-450e-a6e2-fbbca5b6e3be', '10abd4e8-0cb9-4853-a17c-ac40da311bff', '8e106aab-5b22-43d8-aa13-3ce02bff7660', 'CS-3', 'Descent Control and Recovery', 3) ON CONFLICT DO NOTHING;
INSERT INTO period_outcomes (id, period_id, source_outcome_id, code, label, sort_order) VALUES ('bc72e379-f81d-402f-ac1c-96498faeec6c', '10abd4e8-0cb9-4853-a17c-ac40da311bff', '7d5079e4-7b9c-4643-ac59-588ae909330f', 'CS-4', 'Safety and Restrictions Compliance', 4) ON CONFLICT DO NOTHING;
INSERT INTO period_outcomes (id, period_id, source_outcome_id, code, label, sort_order) VALUES ('010e1973-b107-4c0a-a94a-f321ef6a4c4d', '10abd4e8-0cb9-4853-a17c-ac40da311bff', 'bce51d2c-50dc-4702-aa43-169b8160e443', 'CS-6', 'Data Analysis and Documentation Quality', 5) ON CONFLICT DO NOTHING;
INSERT INTO period_criterion_outcome_maps (id, period_id, period_criterion_id, period_outcome_id, weight) VALUES ('4550b254-c6fe-468e-9240-a1e204610fca', '10abd4e8-0cb9-4853-a17c-ac40da311bff', '2d275ae4-9bda-42d7-a98b-0c5c22a7346f', 'dfe056ed-24a0-44e8-a432-4ee3c96e6487', 1.0) ON CONFLICT DO NOTHING;
INSERT INTO period_criterion_outcome_maps (id, period_id, period_criterion_id, period_outcome_id, weight) VALUES ('905b6654-b88e-4245-b328-df42aae6ca12', '10abd4e8-0cb9-4853-a17c-ac40da311bff', 'b5706a3d-f4c5-46a9-a86c-4b4e3082665c', '8883904a-0682-41ec-a6aa-01dac16e3f60', 0.6) ON CONFLICT DO NOTHING;
INSERT INTO period_criterion_outcome_maps (id, period_id, period_criterion_id, period_outcome_id, weight) VALUES ('969e4dd6-baa1-4534-b44a-164d989fd12b', '10abd4e8-0cb9-4853-a17c-ac40da311bff', 'b5706a3d-f4c5-46a9-a86c-4b4e3082665c', '5b716032-08de-450e-a6e2-fbbca5b6e3be', 0.4) ON CONFLICT DO NOTHING;
INSERT INTO period_criterion_outcome_maps (id, period_id, period_criterion_id, period_outcome_id, weight) VALUES ('326aca55-0598-421a-94a3-358cc961bb78', '10abd4e8-0cb9-4853-a17c-ac40da311bff', '73155527-14c8-4fff-a5a3-8847cbf901cc', '010e1973-b107-4c0a-a94a-f321ef6a4c4d', 1.0) ON CONFLICT DO NOTHING;
INSERT INTO period_criterion_outcome_maps (id, period_id, period_criterion_id, period_outcome_id, weight) VALUES ('4a3839af-d0c4-4ec1-97d9-32385109d4d6', '10abd4e8-0cb9-4853-a17c-ac40da311bff', '93da0efc-1f68-4c82-afa8-15b5afd72df7', 'bc72e379-f81d-402f-ac1c-96498faeec6c', 1.0) ON CONFLICT DO NOTHING;
INSERT INTO periods (id, organization_id, framework_id, name, season, is_current, is_locked, is_visible, poster_date, snapshot_frozen_at, start_date, end_date, description, updated_at) VALUES ('9f49cd18-d850-4b1e-ae53-c08253910f4e', 'b72b74d8-1d2c-4b0d-a982-48bfbed8fb29', '80954c7f-86cc-4d85-aa08-2a6c6d59e7ff', '2024 Season', 'Spring', false, true, true, DATE '2024-08-15' - integer '14', ('2024-06-01'::timestamp), DATE '2024-08-13', DATE '2024-08-15', 'CanSat Competition 2024 — jury evaluation of miniaturized satellite designs covering descent control, telemetry, and atmospheric sensing missions.', timestamp '2024-06-01' + interval '2 days') ON CONFLICT DO NOTHING;
INSERT INTO period_criteria (id, period_id, source_criterion_id, key, label, short_label, max_score, weight, color, rubric_bands, sort_order) VALUES ('70699916-5835-4002-a228-fa884a6cef12', '9f49cd18-d850-4b1e-ae53-c08253910f4e', '4f8cf9da-b0c7-4a62-ae00-c127f9c6eb8a', 'design_compliance', 'Design Compliance', 'Compliance', 25, 25, '#6366F1', '[{"level":"Excellent","min":22,"max":25,"range":"22–25","desc":"Comprehensive compliance: all mechanical, electrical, and interface requirements are fully met and documented. Compliance matrix is complete and accurate."},{"level":"Good","min":17,"max":21,"range":"17–21","desc":"Mostly compliant. All major requirements met. Minor gaps in documentation or minor non-conformances."},{"level":"Developing","min":10,"max":16,"range":"10–16","desc":"Partial compliance. Some major requirements not met. Compliance documentation incomplete."},{"level":"Insufficient","min":0,"max":9,"range":"0–9","desc":"Major compliance failures. Design does not meet critical requirements."}]', 1) ON CONFLICT DO NOTHING;
INSERT INTO period_criteria (id, period_id, source_criterion_id, key, label, short_label, max_score, weight, color, rubric_bands, sort_order) VALUES ('542366fd-6437-4188-a080-ccf790202f3b', '9f49cd18-d850-4b1e-ae53-c08253910f4e', '2acdc2ab-1710-48df-a764-c1e4b5e8ec4e', 'mission_execution', 'Mission Objectives', 'Objectives', 30, 30, '#22C55E', '[{"level":"Excellent","min":26,"max":30,"range":"26–30","desc":"Primary mission objectives met. System performance within specified tolerances throughout the mission. Post-recovery inspection confirms integrity."},{"level":"Good","min":20,"max":25,"range":"20–25","desc":"Most primary objectives met. Performance within tolerances for most of the mission. Minor post-recovery issues."},{"level":"Developing","min":12,"max":19,"range":"12–19","desc":"Primary objectives partially met. Some performance outside tolerances. Notable issues on recovery."},{"level":"Insufficient","min":0,"max":11,"range":"0–11","desc":"Primary objectives not met. System performance substantially outside tolerances."}]', 2) ON CONFLICT DO NOTHING;
INSERT INTO period_criteria (id, period_id, source_criterion_id, key, label, short_label, max_score, weight, color, rubric_bands, sort_order) VALUES ('bb8a742e-e337-4eb1-a91a-befa45d4e30e', '9f49cd18-d850-4b1e-ae53-c08253910f4e', '7065e7e2-dffe-49f3-a6bf-2d59c6661b90', 'data_and_documentation', 'Data Collection', 'Data', 25, 25, '#F59E0B', '[{"level":"Excellent","min":22,"max":25,"range":"22–25","desc":"Data quality is high: sensors are calibrated, acquisition rate is appropriate, and all required telemetry channels are present. Data analysis is thorough and conclusions well-supported."},{"level":"Good","min":17,"max":21,"range":"17–21","desc":"Good data quality. Most sensors calibrated and data acquisition complete. Analysis is mostly thorough."},{"level":"Developing","min":10,"max":16,"range":"10–16","desc":"Data quality is variable. Some sensors uncalibrated or channels missing. Analysis is partial."},{"level":"Insufficient","min":0,"max":9,"range":"0–9","desc":"Data quality is poor. Significant missing or corrupted channels. Analysis is absent or superficial."}]', 3) ON CONFLICT DO NOTHING;
INSERT INTO period_criteria (id, period_id, source_criterion_id, key, label, short_label, max_score, weight, color, rubric_bands, sort_order) VALUES ('327d79df-1a6a-4e5e-af2d-ece7cff070bd', '9f49cd18-d850-4b1e-ae53-c08253910f4e', '089917fe-ade5-4d49-a70d-d9b1f8f6d319', 'safety_and_recovery', 'Safety & Risk', 'Safety', 20, 20, '#EF4444', '[{"level":"Excellent","min":17,"max":20,"range":"17–20","desc":"All safety requirements documented and implemented. Emergency procedures are complete and rehearsed. Risk register is current."},{"level":"Good","min":13,"max":16,"range":"13–16","desc":"Most safety requirements implemented. Emergency procedures mostly complete. Risk register mostly current."},{"level":"Developing","min":8,"max":12,"range":"8–12","desc":"Some safety requirements implemented. Emergency procedures incomplete. Risk register has gaps."},{"level":"Insufficient","min":0,"max":7,"range":"0–7","desc":"Safety requirements largely unaddressed. Emergency procedures absent or inadequate."}]', 4) ON CONFLICT DO NOTHING;
INSERT INTO period_outcomes (id, period_id, source_outcome_id, code, label, sort_order) VALUES ('2f10763b-e720-4f9f-a772-13a768c9882a', '9f49cd18-d850-4b1e-ae53-c08253910f4e', 'a7c6db91-308c-49ba-a91a-172d1e4f00f8', 'CS-1', 'Design Constraints Compliance', 1) ON CONFLICT DO NOTHING;
INSERT INTO period_outcomes (id, period_id, source_outcome_id, code, label, sort_order) VALUES ('47a44fc4-b8f1-4171-a562-8aba489720d5', '9f49cd18-d850-4b1e-ae53-c08253910f4e', '5589d3d4-c99e-4d87-a314-83e41236ca3a', 'CS-2', 'Primary Mission Execution', 2) ON CONFLICT DO NOTHING;
INSERT INTO period_outcomes (id, period_id, source_outcome_id, code, label, sort_order) VALUES ('7eee0293-2d2a-4959-ad93-1e8da0c5b1c2', '9f49cd18-d850-4b1e-ae53-c08253910f4e', '8e106aab-5b22-43d8-aa13-3ce02bff7660', 'CS-3', 'Descent Control and Recovery', 3) ON CONFLICT DO NOTHING;
INSERT INTO period_outcomes (id, period_id, source_outcome_id, code, label, sort_order) VALUES ('7a8232d3-e319-4e19-a16b-df10ae7b7cb4', '9f49cd18-d850-4b1e-ae53-c08253910f4e', '7d5079e4-7b9c-4643-ac59-588ae909330f', 'CS-4', 'Safety and Restrictions Compliance', 4) ON CONFLICT DO NOTHING;
INSERT INTO period_criterion_outcome_maps (id, period_id, period_criterion_id, period_outcome_id, weight) VALUES ('e4e58acf-462e-4322-98f5-c0b378b9ba53', '9f49cd18-d850-4b1e-ae53-c08253910f4e', '70699916-5835-4002-a228-fa884a6cef12', '2f10763b-e720-4f9f-a772-13a768c9882a', 1.0) ON CONFLICT DO NOTHING;
INSERT INTO period_criterion_outcome_maps (id, period_id, period_criterion_id, period_outcome_id, weight) VALUES ('68592ebf-a380-4f03-a6a8-50622feeb9a0', '9f49cd18-d850-4b1e-ae53-c08253910f4e', '542366fd-6437-4188-a080-ccf790202f3b', '47a44fc4-b8f1-4171-a562-8aba489720d5', 0.6) ON CONFLICT DO NOTHING;
INSERT INTO period_criterion_outcome_maps (id, period_id, period_criterion_id, period_outcome_id, weight) VALUES ('2ab4c45c-995a-45d2-9b72-0a05eb66c2be', '9f49cd18-d850-4b1e-ae53-c08253910f4e', '542366fd-6437-4188-a080-ccf790202f3b', '7eee0293-2d2a-4959-ad93-1e8da0c5b1c2', 0.4) ON CONFLICT DO NOTHING;
INSERT INTO period_criterion_outcome_maps (id, period_id, period_criterion_id, period_outcome_id, weight) VALUES ('a610527c-52f2-4d98-97c6-37b6398d2d9e', '9f49cd18-d850-4b1e-ae53-c08253910f4e', 'bb8a742e-e337-4eb1-a91a-befa45d4e30e', '7eee0293-2d2a-4959-ad93-1e8da0c5b1c2', 0.5) ON CONFLICT DO NOTHING;
INSERT INTO period_criterion_outcome_maps (id, period_id, period_criterion_id, period_outcome_id, weight) VALUES ('ea81ff24-ba33-4a0f-bd8c-7acad80a4205', '9f49cd18-d850-4b1e-ae53-c08253910f4e', 'bb8a742e-e337-4eb1-a91a-befa45d4e30e', '7a8232d3-e319-4e19-a16b-df10ae7b7cb4', 0.5) ON CONFLICT DO NOTHING;
INSERT INTO period_criterion_outcome_maps (id, period_id, period_criterion_id, period_outcome_id, weight) VALUES ('8a1c008d-92e6-419c-ad58-e98b26ee18bc', '9f49cd18-d850-4b1e-ae53-c08253910f4e', '327d79df-1a6a-4e5e-af2d-ece7cff070bd', '7a8232d3-e319-4e19-a16b-df10ae7b7cb4', 1.0) ON CONFLICT DO NOTHING;

