-- Projects
INSERT INTO projects (id, period_id, title, project_no, members, advisor_name, advisor_affiliation, description) VALUES ('93fcb76b-9827-4720-a1a8-9d65fdbc3055', 'a0d6f60d-ece4-40f8-aca2-955b4abc5d88', 'FPGA-Based Real-Time Signal Processing for 5G NR', 1, '[{"name":"Musa Yılmaz","order":1},{"name":"Orçun Kaya","order":2},{"name":"Tuğba Demir","order":3},{"name":"Yiğit Çelik","order":4}]', 'Prof. Turgut Ercan', 'TEDU EE', 'Implements a 5G NR physical-layer baseband chain on a Xilinx FPGA, covering OFDM modulation, channel estimation, and LDPC decoding for sub-6 GHz bands with under 1 ms processing latency.') ON CONFLICT DO NOTHING;
INSERT INTO projects (id, period_id, title, project_no, members, advisor_name, advisor_affiliation, description) VALUES ('46123b99-4f0a-4d61-a870-6ef0f78e371f', 'a0d6f60d-ece4-40f8-aca2-955b4abc5d88', 'Low-Power IoT Sensor Network for Smart Agriculture', 2, '[{"name":"Miray Şahin","order":1},{"name":"Volkan Doğan","order":2},{"name":"Ali Kılıç","order":3},{"name":"Deniz Aslan","order":4}]', 'Dr. Ece Aydoğan', 'TEDU EE', 'Deploys a LoRa-based mesh sensor network monitoring soil moisture, temperature, and nutrient levels across agricultural plots, targeting 5-year coin-cell battery life with a cloud dashboard.') ON CONFLICT DO NOTHING;
INSERT INTO projects (id, period_id, title, project_no, members, advisor_name, advisor_affiliation, description) VALUES ('733f9e70-8f7b-47dc-ad72-a604c760696f', 'a0d6f60d-ece4-40f8-aca2-955b4abc5d88', 'Autonomous Drone Navigation with LiDAR SLAM', 3, '[{"name":"Suna Özdemir","order":1},{"name":"Semra Yıldız","order":2},{"name":"Nurgül Koç","order":3},{"name":"Okan Kaplan","order":4}]', 'Prof. Cengiz Yalın', 'TEDU EE', 'Develops an onboard perception and planning stack for indoor UAVs using 3D LiDAR point-cloud SLAM and model-predictive trajectory control for collision-free navigation.') ON CONFLICT DO NOTHING;
INSERT INTO projects (id, period_id, title, project_no, members, advisor_name, advisor_affiliation, description) VALUES ('339948a9-b977-4c51-a1bd-c3dab5e32936', 'a0d6f60d-ece4-40f8-aca2-955b4abc5d88', 'GaN Power Amplifier Design for Sub-6 GHz 5G', 4, '[{"name":"Zeynep Aydın","order":1},{"name":"Barış Güneş","order":2},{"name":"Erkan Türk","order":3}]', 'Dr. Aylin Seçkin', 'TEDU EE', 'Designs and characterizes a GaN HEMT power amplifier achieving over 45% power-added efficiency at 3.5 GHz with digital pre-distortion linearization for 5G base-station applications.') ON CONFLICT DO NOTHING;
INSERT INTO projects (id, period_id, title, project_no, members, advisor_name, advisor_affiliation, description) VALUES ('2c01817f-5c28-4899-ab4b-fb741b5f8f9b', 'a0d6f60d-ece4-40f8-aca2-955b4abc5d88', 'Edge AI Accelerator on RISC-V for Anomaly Detection', 5, '[{"name":"Berk Keskin","order":1},{"name":"Lara Uslu","order":2},{"name":"Ceren Bulut","order":3}]', 'Prof. Tarık Özmen', 'TEDU EE', 'Implements a custom RISC-V core extended with a neural-network inference accelerator targeting sub-mW operation for real-time anomaly detection in industrial IoT edge nodes.') ON CONFLICT DO NOTHING;
INSERT INTO projects (id, period_id, title, project_no, members, advisor_name, advisor_affiliation, description) VALUES ('bdb8459f-49ce-405e-af0f-d35e36fcdcf2', 'a0d6f60d-ece4-40f8-aca2-955b4abc5d88', 'Reconfigurable Intelligent Surface for Indoor mmWave', 6, '[{"name":"Kadir Öztürk","order":1},{"name":"Ramazan Korkmaz","order":2},{"name":"Rukiye Çetin","order":3},{"name":"Gizem Bozkurt","order":4}]', 'Dr. Derya Civan', 'TEDU EE', 'Prototypes a 32-element 1-bit RIS panel with programmable phase shifters to improve mmWave signal coverage in non-line-of-sight indoor environments.') ON CONFLICT DO NOTHING;
INSERT INTO projects (id, period_id, title, project_no, members, advisor_name, advisor_affiliation, description) VALUES ('1449ba13-0409-4bd3-abc9-ddf7040c5b76', 'a0d6f60d-ece4-40f8-aca2-955b4abc5d88', 'Solar MPPT Controller with Machine Learning Optimization', 7, '[{"name":"Furkan Demirci","order":1},{"name":"Kübra Polat","order":2},{"name":"Pelin Güler","order":3},{"name":"Gamze Kurt","order":4}]', 'Prof. Hakan Tekin', 'TEDU EE', 'Applies reinforcement learning to maximum-power-point tracking on a photovoltaic system, outperforming classical P&O and incremental-conductance algorithms under partial-shading conditions.') ON CONFLICT DO NOTHING;
INSERT INTO projects (id, period_id, title, project_no, members, advisor_name, advisor_affiliation, description) VALUES ('9faaa31c-cdf6-4678-a123-2bfe194ce989', 'a0d6f60d-ece4-40f8-aca2-955b4abc5d88', 'Bioimpedance Spectroscopy System for Tissue Analysis', 8, '[{"name":"Kerem Avcı","order":1},{"name":"Burak Aksoy","order":2},{"name":"Şeyma Erdem","order":3},{"name":"Rıfat Şimşek","order":4}]', 'Dr. Zeliha Taşçı', 'TEDU EE', 'Builds a portable four-electrode bio-impedance spectroscopy instrument spanning 1 kHz to 1 MHz for non-invasive body-composition measurement and tissue-characterization applications.') ON CONFLICT DO NOTHING;
INSERT INTO projects (id, period_id, title, project_no, members, advisor_name, advisor_affiliation, description) VALUES ('023ddedd-e060-4194-a7c5-8d3d27e6c3f6', 'a0d6f60d-ece4-40f8-aca2-955b4abc5d88', 'Visible Light Communication Transceiver Prototype', 9, '[{"name":"Uğur Tekin","order":1},{"name":"Nazlı Duran","order":2},{"name":"Fatma Ateş","order":3}]', 'Prof. Turgut Ercan', 'TEDU EE', 'Demonstrates a VLC link using off-the-shelf LEDs and photodetectors with OFDM modulation, achieving 10 Mbps throughput over a 1-meter line-of-sight channel.') ON CONFLICT DO NOTHING;
INSERT INTO projects (id, period_id, title, project_no, members, advisor_name, advisor_affiliation, description) VALUES ('8fb336c1-ae87-45fc-a587-53fb3052016f', 'a0d6f60d-ece4-40f8-aca2-955b4abc5d88', 'Multi-Robot Coordination via Distributed Consensus', 10, '[{"name":"Berkay Yücel","order":1},{"name":"Oğuzhan Boz","order":2},{"name":"Sibel Çalışkan","order":3},{"name":"Gökhan Peker","order":4}]', 'Dr. Ece Aydoğan', 'TEDU EE', 'Designs and validates distributed consensus algorithms enabling a fleet of differential-drive robots to autonomously form and maintain geometric formations without a central controller.') ON CONFLICT DO NOTHING;
INSERT INTO projects (id, period_id, title, project_no, members, advisor_name, advisor_affiliation, description) VALUES ('00f25636-269c-4d25-abd5-3cdbc12a31f8', '952dd05e-8ff2-44a7-a13b-9a22958f57fb', '6-DoF Bin-Picking Robot with Depth-Aware Object Detection', 1, '[{"name":"Yasemin Kara","order":1},{"name":"Melike Gündüz","order":2},{"name":"Mustafa Soylu","order":3},{"name":"Hatice Turan","order":4}]', 'Prof. Beren Yücel', 'TEDU-EE', 'Designs a bin-picking system combining a depth camera and YOLOv8-based 6-DoF pose estimator with a UR5 arm controller; achieves 94% pick success rate on mixed-geometry industrial parts under unstructured bin conditions.') ON CONFLICT DO NOTHING;
INSERT INTO projects (id, period_id, title, project_no, members, advisor_name, advisor_affiliation, description) VALUES ('46c52db6-2cd0-404d-a2bf-23d390c741ad', '952dd05e-8ff2-44a7-a13b-9a22958f57fb', 'TinyML Keyword Spotter for Low-Power Voice-Controlled Appliances', 2, '[{"name":"Haluk Çakır","order":1},{"name":"Onur Erdoğan","order":2},{"name":"Sercan Arıcan","order":3}]', 'Prof. Gizem Aksoy', 'TEDU-EE', 'Implements quantized neural-network models on ARM Cortex-M4 microcontrollers for on-device keyword spotting and vibration-anomaly detection, achieving sub-mW inference with no cloud dependency using MCUNet-style architecture.') ON CONFLICT DO NOTHING;
INSERT INTO projects (id, period_id, title, project_no, members, advisor_name, advisor_affiliation, description) VALUES ('12cbf2c4-0a16-4574-abb5-b601beec8176', '952dd05e-8ff2-44a7-a13b-9a22958f57fb', 'Semantic Segmentation for Autonomous Warehouse AMR Navigation', 3, '[{"name":"Aslı Tezcan","order":1},{"name":"Cansu Doruk","order":2},{"name":"Duygu Ünal","order":3}]', 'Prof. Ceren Erdoğan', 'TEDU-EE', 'Trains a lightweight DeepLabV3+ segmentation network on a custom warehouse dataset and deploys it on a Jetson Nano, enabling an AMR to identify floor zones, shelving, and dynamic obstacles in real time at 22 FPS.') ON CONFLICT DO NOTHING;
INSERT INTO projects (id, period_id, title, project_no, members, advisor_name, advisor_affiliation, description) VALUES ('0af988df-e6d9-4ac1-a6ec-56343146a552', '952dd05e-8ff2-44a7-a13b-9a22958f57fb', 'Adaptive TSCH Scheduling for High-Density Industrial IoT Networks', 4, '[{"name":"Aylin Keçeci","order":1},{"name":"Umut Işık","order":2},{"name":"Büşra Eren","order":3}]', 'Prof. Ozan Çelebi', 'TEDU-EE', 'Implements a self-adapting time-slotted channel-hopping scheduler for IEEE 802.15.4e networks that dynamically redistributes slots under burst interference, maintaining end-to-end latency under 50 ms across 50-node deployments.') ON CONFLICT DO NOTHING;
INSERT INTO projects (id, period_id, title, project_no, members, advisor_name, advisor_affiliation, description) VALUES ('9dbf8fbe-1580-489c-a551-1eda5fb69025', '952dd05e-8ff2-44a7-a13b-9a22958f57fb', 'Solar-Energy-Harvesting Sensor Node with Intermittent Computation', 5, '[{"name":"Nuran Kayalı","order":1},{"name":"Filiz Taşkın","order":2},{"name":"Arda Boztepe","order":3},{"name":"Merve Aktaş","order":4}]', 'Prof. Rüya Işık', 'TEDU-EE', 'Designs a solar-energy-harvesting wireless sensor node combining supercapacitor buffering and checkpoint-based intermittent computing, sustaining continuous operation under sub-100 µW average ambient-light input.') ON CONFLICT DO NOTHING;
INSERT INTO projects (id, period_id, title, project_no, members, advisor_name, advisor_affiliation, description) VALUES ('be3a4e6f-a69b-418a-a333-215fbfdf5261', 'e55e0820-93f2-487f-abaa-4ae64a77e93e', 'Cross-Layer Duty-Cycle Optimization for Underground Mining WSN', 1, '[{"name":"Berke Erbaş","order":1},{"name":"Serhat Yalın","order":2},{"name":"Kaan Dalkılıç","order":3}]', 'Prof. İrem Demirci', 'TEDU-EE', 'Develops a cross-layer MAC/routing framework for narrow underground tunnels, optimising duty cycles and forwarding paths to maintain over 99% packet delivery ratio under severe multipath-fading channel conditions.') ON CONFLICT DO NOTHING;
INSERT INTO projects (id, period_id, title, project_no, members, advisor_name, advisor_affiliation, description) VALUES ('85cf466e-cb30-49f6-a3ac-58884c85a854', 'e55e0820-93f2-487f-abaa-4ae64a77e93e', 'Wrist-Worn Fall Detection Device with Automatic GSM Emergency Alert', 2, '[{"name":"Alp Gündoğdu","order":1},{"name":"Tolga Ersoy","order":2},{"name":"İbrahim Koçak","order":3}]', 'Prof. Damla Kılıç', 'TEDU-EE', 'Integrates a 9-axis IMU and barometric altimeter on a wrist-worn MCU platform, applying a threshold-free SVM fall classifier with under 200 ms detection latency and automatic SMS alert via an embedded GSM module.') ON CONFLICT DO NOTHING;
INSERT INTO projects (id, period_id, title, project_no, members, advisor_name, advisor_affiliation, description) VALUES ('c2fd33b6-8b39-4397-acec-1dd12cdfc62b', 'e55e0820-93f2-487f-abaa-4ae64a77e93e', 'PPG-Based Continuous Stress Monitoring Wearable', 3, '[{"name":"Tamer Sarıoğlu","order":1},{"name":"Emre Bayram","order":2},{"name":"Hasan Candan","order":3}]', 'Prof. Kaan Avcı', 'TEDU-EE', 'Extracts HRV and skin-conductance features from a custom PPG analog front-end and EDA electrode, classifying acute stress states in real time using a CNN deployed on an STM32WB BLE SoC with 72-hour battery life.') ON CONFLICT DO NOTHING;
INSERT INTO projects (id, period_id, title, project_no, members, advisor_name, advisor_affiliation, description) VALUES ('49d1f760-f4a0-40f3-a142-a11518c59c92', 'e55e0820-93f2-487f-abaa-4ae64a77e93e', 'LiDAR-Camera Fusion for Real-Time Pedestrian Tracking in Indoor AGVs', 4, '[{"name":"Mert Dinç","order":1},{"name":"Yağmur Erol","order":2},{"name":"İpek Fidan","order":3}]', 'Prof. Kübra Şen', 'TEDU-EE', 'Fuses 2D LiDAR point clouds with monocular camera frames using a Kalman-filter multi-object tracker to maintain persistent pedestrian identities in a 300 m² indoor environment, reducing false-stop rate by 62% versus camera-only baseline.') ON CONFLICT DO NOTHING;
INSERT INTO projects (id, period_id, title, project_no, members, advisor_name, advisor_affiliation, description) VALUES ('60146fd4-7794-4dd7-a91f-8dad08a9759a', '10078594-2707-4c3f-a212-42add04fbd84', 'ECG Patch with On-Device Arrhythmia Classification and BLE Telemetry', 1, '[{"name":"Sinan Hacıoğlu","order":1},{"name":"Serdar İnce","order":2},{"name":"Tuncay Karaca","order":3},{"name":"Ezgi Mutlu","order":4}]', 'Prof. Büşra Doğan', 'TEDU-EE', 'Develops a dry-electrode ECG acquisition patch running a quantized ResNet-1D arrhythmia classifier on an nRF52840, achieving 96% sensitivity on the MIT-BIH dataset with continuous BLE streaming at 2 µW average current draw.') ON CONFLICT DO NOTHING;
INSERT INTO projects (id, period_id, title, project_no, members, advisor_name, advisor_affiliation, description) VALUES ('b89cf1e1-6820-4efb-ad3e-9ab5b4f1bafa', '10078594-2707-4c3f-a212-42add04fbd84', 'PPG-Based Non-Invasive Blood Pressure Estimation Smartband', 2, '[{"name":"Cengiz Nacar","order":1},{"name":"Tarık Öner","order":2},{"name":"Sinem Parlak","order":3},{"name":"Yeliz Sağlam","order":4}]', 'Prof. Büşra Doğan', 'TEDU-EE', 'Designs a dual-site reflective PPG smartband that extracts pulse transit time for continuous blood pressure estimation, training a subject-adaptive regression model targeting ±5 mmHg systolic accuracy against a validated sphygmomanometer.') ON CONFLICT DO NOTHING;
INSERT INTO projects (id, period_id, title, project_no, members, advisor_name, advisor_affiliation, description) VALUES ('0db79881-0974-4a2d-a8a2-86efdb30bda1', '10078594-2707-4c3f-a212-42add04fbd84', 'Distributed Anomaly Detection at the Edge of a Factory Sensor Network', 3, '[{"name":"Doğukan Topal","order":1},{"name":"Enes Uzun","order":2},{"name":"İrem Vural","order":3},{"name":"Nuray Yaman","order":4}]', 'Prof. Melis Kavak', 'TEDU-EE', 'Deploys lightweight isolation-forest anomaly detectors on IEEE 802.15.4 motes across a simulated factory floor, enabling in-network detection of sensor faults and production anomalies without routing raw data to the cloud.') ON CONFLICT DO NOTHING;
INSERT INTO projects (id, period_id, title, project_no, members, advisor_name, advisor_affiliation, description) VALUES ('ed333a6e-c080-4a61-a6dc-87a0e3220f22', 'e14683dc-6ac1-4c73-a2cb-da24e9e4f45f', 'GPU-Accelerated LLM Inference Engine', 1, '[{"name":"Hudson Smith","order":1},{"name":"Harper Johnson","order":2},{"name":"Elijah Williams","order":3},{"name":"Julian Brown","order":4}]', 'Prof. Lily Cooper', 'CMU-CS', 'Engineers a CUDA kernel library for transformer self-attention and feed-forward layers, achieving 3x throughput improvement over the PyTorch baseline for 7B-parameter language models.') ON CONFLICT DO NOTHING;
INSERT INTO projects (id, period_id, title, project_no, members, advisor_name, advisor_affiliation, description) VALUES ('dd36e1bf-2797-42b4-ac06-cd142c99074f', 'e14683dc-6ac1-4c73-a2cb-da24e9e4f45f', 'Blockchain-based Identity Verification', 2, '[{"name":"Skylar Jones","order":1},{"name":"Lillian Garcia","order":2},{"name":"Lily Miller","order":3},{"name":"Claire Davis","order":4}]', 'Prof. Elias Boyd', 'CMU-CS', 'Implements a decentralized identity system on Ethereum using ERC-725 DIDs and zero-knowledge credential proofs, enabling privacy-preserving age and qualification verification.') ON CONFLICT DO NOTHING;
INSERT INTO projects (id, period_id, title, project_no, members, advisor_name, advisor_affiliation, description) VALUES ('b15cefcf-fdfb-4b27-ae31-d743f12c947d', 'e14683dc-6ac1-4c73-a2cb-da24e9e4f45f', 'Distributed File System with Paxos', 3, '[{"name":"Aria Wilson","order":1},{"name":"Jackson Taylor","order":2},{"name":"Ethan Anderson","order":3}]', 'Prof. Scarlett Wood', 'CMU-CS', 'Builds a fault-tolerant distributed file system using Multi-Paxos consensus, supporting concurrent reads, atomic writes, and leader-election recovery in the presence of arbitrary node failures.') ON CONFLICT DO NOTHING;
INSERT INTO projects (id, period_id, title, project_no, members, advisor_name, advisor_affiliation, description) VALUES ('098590f3-10cc-4859-a45f-f642a593a924', 'e14683dc-6ac1-4c73-a2cb-da24e9e4f45f', 'Autonomous Traffic Control via Deep RL', 4, '[{"name":"Carter Thomas","order":1},{"name":"Michael Jackson","order":2},{"name":"Eli White","order":3}]', 'Prof. Dylan Reed', 'CMU-CS', 'Trains a multi-agent deep reinforcement-learning system to control traffic signals across a simulated urban grid, reducing average vehicle waiting time by 34% compared to fixed-cycle baselines.') ON CONFLICT DO NOTHING;
INSERT INTO projects (id, period_id, title, project_no, members, advisor_name, advisor_affiliation, description) VALUES ('4c0e22db-7d9f-4312-a1d3-4fed4c7e3316', 'e14683dc-6ac1-4c73-a2cb-da24e9e4f45f', 'Real-Time Gesture Recognition Pipeline', 5, '[{"name":"Grace Harris","order":1},{"name":"Hannah Martin","order":2},{"name":"Amelia Thompson","order":3}]', 'Prof. Zoe Powell', 'CMU-CS', 'Develops a MediaPipe-based hand-gesture recognition system with a custom lightweight CNN achieving 97% accuracy and under 30 ms end-to-end latency on a standard webcam feed.') ON CONFLICT DO NOTHING;
INSERT INTO projects (id, period_id, title, project_no, members, advisor_name, advisor_affiliation, description) VALUES ('1d3379fc-8094-4ff3-a4c7-fea65531bacd', 'e14683dc-6ac1-4c73-a2cb-da24e9e4f45f', 'Zero-Knowledge Proofs for Smart Contracts', 6, '[{"name":"Savannah Young","order":1},{"name":"Brooklyn Allen","order":2},{"name":"Andrew King","order":3}]', 'Prof. Caleb Richardson', 'CMU-CS', 'Integrates zk-SNARK circuits (Groth16) into Solidity smart contracts to enable on-chain verification of private computation, demonstrated through a private voting and anonymous auction use case.') ON CONFLICT DO NOTHING;
INSERT INTO projects (id, period_id, title, project_no, members, advisor_name, advisor_affiliation, description) VALUES ('8bda2f9b-55db-4d33-a40d-f8a111e93a24', 'b90e1112-88c7-44fa-a275-25bc0ad2d96d', 'Mixture-of-Experts Inference Engine with Dynamic Expert Routing', 1, '[{"name":"Eleanor Wright","order":1},{"name":"Aurora Scott","order":2},{"name":"Paisley Green","order":3},{"name":"Violet Baker","order":4}]', 'Prof. Logan Bailey', 'CMU-CS', 'Implements a sparse MoE transformer variant on multi-GPU nodes, designing a load-balanced expert dispatcher that reduces inference FLOPs by 3× on MMLU benchmarks while maintaining accuracy parity with a dense baseline.') ON CONFLICT DO NOTHING;
INSERT INTO projects (id, period_id, title, project_no, members, advisor_name, advisor_affiliation, description) VALUES ('427540fb-9f60-4bfd-afa2-4db31ec63cd4', 'b90e1112-88c7-44fa-a275-25bc0ad2d96d', 'Post-Quantum Code-Signing Infrastructure Using CRYSTALS-Dilithium', 2, '[{"name":"Christopher Adams","order":1},{"name":"Nora Nelson","order":2},{"name":"Wyatt Carter","order":3}]', 'Prof. Emma Peterson', 'CMU-CS', 'Builds a production-grade code-signing pipeline replacing RSA-2048 with CRYSTALS-Dilithium lattice signatures, integrating with CI/CD tooling and benchmarking signing and verification throughput against ECDSA baselines.') ON CONFLICT DO NOTHING;
INSERT INTO projects (id, period_id, title, project_no, members, advisor_name, advisor_affiliation, description) VALUES ('22646e69-d22a-4b34-aa2b-f1323161d52d', 'b90e1112-88c7-44fa-a275-25bc0ad2d96d', 'CRDTs for Offline-First Collaborative Document Editing', 3, '[{"name":"Alexander Mitchell","order":1},{"name":"Maverick Perez","order":2},{"name":"Abigail Roberts","order":3},{"name":"Riley Turner","order":4}]', 'Prof. Ella Brooks', 'CMU-CS', 'Designs a conflict-free replicated data type library enabling real-time collaborative text editing across intermittently connected clients, validated against the YATA and RGA algorithms with formal convergence proofs.') ON CONFLICT DO NOTHING;
INSERT INTO projects (id, period_id, title, project_no, members, advisor_name, advisor_affiliation, description) VALUES ('b37a7c3f-91c4-4a63-a51d-2b19f3bc7992', 'b90e1112-88c7-44fa-a275-25bc0ad2d96d', 'Multi-Agent Path Finding for Dense Robotic Warehouse Logistics', 4, '[{"name":"Charlotte Phillips","order":1},{"name":"Sophia Campbell","order":2},{"name":"Penelope Parker","order":3},{"name":"Thomas Evans","order":4}]', 'Prof. Mia Howard', 'CMU-CS', 'Solves the multi-agent path-finding problem in warehouse grid environments with 50+ agents using a prioritised CBS algorithm; achieves 98% throughput of the theoretical optimum with under 20 ms planning latency per timestep.') ON CONFLICT DO NOTHING;
INSERT INTO projects (id, period_id, title, project_no, members, advisor_name, advisor_affiliation, description) VALUES ('d9a0ceae-93bf-462a-a366-fa53e1c3ebbf', '0e963024-a53f-4722-a9e0-5db7a47b4419', 'Flash Attention Variant for Long-Context Transformer Inference', 1, '[{"name":"Oliver Edwards","order":1},{"name":"Emily Collins","order":2},{"name":"Lucas Stewart","order":3}]', 'Prof. Ryan Price', 'CMU-CS', 'Implements a tiled, IO-aware attention kernel in CUDA that reduces HBM bandwidth consumption by 4× for 32k-token sequences, enabling 70B-parameter inference on a single A100 with 40 GB memory footprint.') ON CONFLICT DO NOTHING;
INSERT INTO projects (id, period_id, title, project_no, members, advisor_name, advisor_affiliation, description) VALUES ('8c80391d-28d5-46b2-acfe-a57c940443b9', '0e963024-a53f-4722-a9e0-5db7a47b4419', 'Secure Enclave-Based Remote Attestation for Edge IoT Nodes', 2, '[{"name":"Levi Morris","order":1},{"name":"Layla Rogers","order":2},{"name":"Noah Reed","order":3},{"name":"Isaiah Cook","order":4}]', 'Prof. Miles Cunningham', 'CMU-CS', 'Uses ARM TrustZone and a TPM 2.0 chip to provision cryptographic attestation evidence from resource-constrained edge nodes, enabling a verifier to remotely confirm firmware integrity without trusting the OS layer.') ON CONFLICT DO NOTHING;
INSERT INTO projects (id, period_id, title, project_no, members, advisor_name, advisor_affiliation, description) VALUES ('48f4e97b-1296-4486-a4f5-323d8d9a0e11', '0e963024-a53f-4722-a9e0-5db7a47b4419', 'Byzantine Fault-Tolerant Key-Value Store with Viewstamped Replication', 3, '[{"name":"Joseph Morgan","order":1},{"name":"Emma Bell","order":2},{"name":"David Murphy","order":3},{"name":"Nathan Bailey","order":4}]', 'Prof. Nolan Davies', 'CMU-CS', 'Builds a replicated key-value store tolerating up to f Byzantine replicas using Viewstamped Replication; benchmarks throughput and latency under simulated Byzantine failures against a crash-fault-only Raft baseline.') ON CONFLICT DO NOTHING;
INSERT INTO projects (id, period_id, title, project_no, members, advisor_name, advisor_affiliation, description) VALUES ('d716c53c-18e0-4a50-a4b5-37770e2326a3', 'f8c01197-da4a-4646-a42d-8dc74715e3bc', 'CUDA Kernel Optimisation for Transformer Matrix Multiplication', 1, '[{"name":"Isaac Rivera","order":1},{"name":"Gabriel Cooper","order":2},{"name":"Liam Richardson","order":3}]', 'Prof. Ella Brooks', 'CMU-CS', 'Engineers tiled, tensor-core-aware GEMM kernels in CUDA targeting the feed-forward and attention projection layers of a 7B transformer, achieving 1.8x throughput improvement over cuBLAS on H100 SMs.') ON CONFLICT DO NOTHING;
INSERT INTO projects (id, period_id, title, project_no, members, advisor_name, advisor_affiliation, description) VALUES ('20e1dea2-c044-4eca-a288-e444a3d21226', 'f8c01197-da4a-4646-a42d-8dc74715e3bc', 'Zero-Trust mTLS Service Mesh for Microservice Authentication', 2, '[{"name":"Ava Cox","order":1},{"name":"Caleb Howard","order":2},{"name":"Olivia Ward","order":3}]', 'Prof. Wyatt Watson', 'CMU-CS', 'Designs a sidecar-proxy service mesh enforcing mutual TLS authentication and authorisation between microservices, using SPIFFE/SPIRE for workload identity issuance and evaluating latency overhead against plaintext HTTP/2.') ON CONFLICT DO NOTHING;
INSERT INTO projects (id, period_id, title, project_no, members, advisor_name, advisor_affiliation, description) VALUES ('3b8b2e62-bc66-4c8c-ad14-371049c8204e', 'e77bf882-fc32-461c-acab-6ee1696df0c7', 'Otonom Sürü İHA (UAV) Takip Sistemi (Takım 1)', 1, '[{"name":"Tuğçe Zorlu","order":1},{"name":"Elif Akbaş","order":2},{"name":"Selin Bilgin","order":3},{"name":"Pınar Cengiz","order":4}]', 'Prof. Sinem Uslu', 'TEKNOFEST', 'Sürü haberleşme protokolleri ve dağıtık görev planlama algoritmaları kullanan çok rotorlu İHA sistemi; GPS-reddedilen ortamlarda hedef takibi ve oluşum koruması sağlar.') ON CONFLICT DO NOTHING;
INSERT INTO projects (id, period_id, title, project_no, members, advisor_name, advisor_affiliation, description) VALUES ('c23aa93d-d7c4-4b82-aee5-2d857b47638c', 'e77bf882-fc32-461c-acab-6ee1696df0c7', 'Yüksek İrtifa Hibrit Roket Motoru (Takım 2)', 2, '[{"name":"Buse Demirel","order":1},{"name":"Levent Ergün","order":2},{"name":"Selim Filiz","order":3}]', 'Prof. İrem Demirci', 'TEKNOFEST', 'Nitröz oksit ve HTPB yakıt kombinasyonuyla 3000 m irtifaya ulaşan hibrit roket motoru tasarımı; yanma kararlılığı analizi ve geri kazanılabilir iniş sistemi içerir.') ON CONFLICT DO NOTHING;
INSERT INTO projects (id, period_id, title, project_no, members, advisor_name, advisor_affiliation, description) VALUES ('1b122688-dc8e-467d-aa9d-16a7c8dbd1a8', 'e77bf882-fc32-461c-acab-6ee1696df0c7', 'Otonom Sualtı Aracı (AUV) Görüntüleme (Takım 3)', 3, '[{"name":"Ece Gürbüz","order":1},{"name":"Seda Hatipoğlu","order":2},{"name":"Hande Işıklar","order":3},{"name":"Dilan Karadeniz","order":4}]', 'Prof. Berk Gündüz', 'TEKNOFEST', 'Manyetometre ve stereo görüntüyle haritalama yapan otonom sualtı aracı; deniz tabanı incelemesi ve yapay zeka destekli nesne tanıma modülü barındırır.') ON CONFLICT DO NOTHING;
INSERT INTO projects (id, period_id, title, project_no, members, advisor_name, advisor_affiliation, description) VALUES ('c900eb14-5b94-461b-ac3d-f2a9075269b6', 'e77bf882-fc32-461c-acab-6ee1696df0c7', 'VTOL Sabit Kanatlı Kargo Dronu (Takım 4)', 4, '[{"name":"Hüseyin Yılmaz","order":1},{"name":"Orçun Kaya","order":2},{"name":"Reyhan Demir","order":3}]', 'Prof. Caner Turgut', 'TEKNOFEST', 'Sabit kanatlı uçuş verimliliğini çok rotorlu VTOL kalkış-iniş yeteneğiyle birleştiren kargo dronu; 5 kg yük kapasitesi ve 40 km menzil hedefler.') ON CONFLICT DO NOTHING;
INSERT INTO projects (id, period_id, title, project_no, members, advisor_name, advisor_affiliation, description) VALUES ('ba5787ab-8196-4453-afd3-2e47c5185fb8', 'e77bf882-fc32-461c-acab-6ee1696df0c7', 'Radar Dalga Sönümleyici Gövde Boyası (Takım 5)', 5, '[{"name":"Gülay Çelik","order":1},{"name":"Orhan Şahin","order":2},{"name":"Adnan Doğan","order":3}]', 'Prof. Ozan Çelebi', 'TEKNOFEST', 'Karbonyl demir ve ferrit nanopartikül katkılamasıyla geliştirilen metamalzeme tabanlı radar sönümleme kaplama; 8-18 GHz bandında 15 dB üzerinde geri saçılım azaltımı sağlar.') ON CONFLICT DO NOTHING;
INSERT INTO projects (id, period_id, title, project_no, members, advisor_name, advisor_affiliation, description) VALUES ('b6718b6b-02a8-444b-a8ec-ff82aad1b946', '308d2708-dbea-41b6-a1c8-da6129445759', 'Çarpışmadan Kaçınan İHA Sürüsü ile Arama-Kurtarma Misyonu', 1, '[{"name":"Yüksel Kılıç","order":1},{"name":"Leyla Aslan","order":2},{"name":"Sevgi Özdemir","order":3}]', 'Prof. Umut Şahin', 'TEKNOFEST', 'Daglik arazide kayip kisi tespiti icin carpismadan kacnan suru algoritmasi ile yonetilen 5 adet quadrotor tasarlanmis; termal goruntuleme ve GPS-reddeden ortamda gorsel-atalet navigasyonu entegre edilmistir.') ON CONFLICT DO NOTHING;
INSERT INTO projects (id, period_id, title, project_no, members, advisor_name, advisor_affiliation, description) VALUES ('75baa7d0-6001-4420-a744-5b46e6483201', '308d2708-dbea-41b6-a1c8-da6129445759', 'Denizde Kullanım İçin Biyobozunur Hibrit Roket Yakıtı Geliştirme', 2, '[{"name":"Derya Yıldız","order":1},{"name":"Zehra Koç","order":2},{"name":"Veli Kaplan","order":3},{"name":"Harun Aydın","order":4}]', 'Prof. Zeynep Gül', 'TEKNOFEST', 'Cevresel etkiyi en aza indiren biyobozunur bir hibrit yakit formulasyonu gelistirilmis, su kaynaklarina yakin firlatma operasyonlarinda konvansiyonel polimer oksitleyicilere kiyasla ozgul itis performansi olculmistur.') ON CONFLICT DO NOTHING;
INSERT INTO projects (id, period_id, title, project_no, members, advisor_name, advisor_affiliation, description) VALUES ('35607ef7-b333-4b5b-aa1a-e7ebd1a57d32', '308d2708-dbea-41b6-a1c8-da6129445759', 'Biyolojik Numune Toplama Modüllü Otonom Derin Deniz AUV', 3, '[{"name":"Tayfun Güneş","order":1},{"name":"Selda Türk","order":2},{"name":"Recep Keskin","order":3}]', 'Prof. Korhan Alkan', 'TEKNOFEST', 'Deniz tabaninda biyolojik numune toplama icin tasarlanmis otonom bir sudalti araci gelistirilmis; derinlik-bagimli termal harita rehberliginde hedef tespiti icin YOLOv8-nano modeli kullanilmistir.') ON CONFLICT DO NOTHING;
INSERT INTO projects (id, period_id, title, project_no, members, advisor_name, advisor_affiliation, description) VALUES ('accfb911-acf9-481e-a167-d4ba6eaa9aaa', '308d2708-dbea-41b6-a1c8-da6129445759', 'Geri Çekilen Kanat Geçişli VTOL Dronu ile Yük Teslimatı', 4, '[{"name":"Fikri Uslu","order":1},{"name":"Taner Bulut","order":2},{"name":"Fikret Öztürk","order":3},{"name":"Sadık Korkmaz","order":4}]', 'Prof. Deniz Ünal', 'TEKNOFEST', 'Kisametafeli hava tasimaciligi icin kanat-govde gecis mekanizmasina sahip VTOL sabit kanat hibrit bir arac gelistirilmis; gecis manevrasi sirasindaki aerodinamik ve yapisal yukler HesaplamaliAD ile dogrulanmistir.') ON CONFLICT DO NOTHING;
INSERT INTO projects (id, period_id, title, project_no, members, advisor_name, advisor_affiliation, description) VALUES ('4edc653f-c0e7-4217-aca1-1c827f8204aa', 'bf4ee98f-1fd2-418d-a62d-8cb5b585f293', 'GNSS-Yoksun Ortamda Görsel-Atalet Odometrisi ile İHA Sürüsü Navigasyonu', 1, '[{"name":"Burhan Çetin","order":1},{"name":"Nihal Bozkurt","order":2},{"name":"Alihan Demirci","order":3}]', 'Prof. Ezgi Doruk', 'TEKNOFEST', 'Sehir ici GNSS karistirma senaryolarinda 4 adet quadrotordan olusan bir suruyu yonlendirmek icin gorsel-atalet odometrisi tabanli dagitik bir navigasyon cercevesi gelistirilmistir.') ON CONFLICT DO NOTHING;
INSERT INTO projects (id, period_id, title, project_no, members, advisor_name, advisor_affiliation, description) VALUES ('fd4bc2a1-e69b-4bf2-aab4-5f2da12927de', 'bf4ee98f-1fd2-418d-a62d-8cb5b585f293', 'Yüksek Özgül İtki için Oksitleyici Zenginleştirmeli Hibrit Roket Motoru', 2, '[{"name":"Cemal Polat","order":1},{"name":"Neslihan Güler","order":2},{"name":"Asuman Kurt","order":3},{"name":"Sevil Avcı","order":4}]', 'Prof. Tuğçe Can', 'TEKNOFEST', 'Oksijen degistirici bir enjektur ve bolgelendirilmis yanma odasi tasarimiyla daha zengin oksitleyici-yakit orani kullanilarak yuksek ozgul itis elde eden deneysel bir hibrit roket motoru gelistirilmistir.') ON CONFLICT DO NOTHING;
INSERT INTO projects (id, period_id, title, project_no, members, advisor_name, advisor_affiliation, description) VALUES ('649be1eb-a461-4e57-a8b9-29849257408f', 'bf4ee98f-1fd2-418d-a62d-8cb5b585f293', 'Resif Haritalama için Düşük Maliyetli Optik AUV Sistemi', 3, '[{"name":"Tülay Aksoy","order":1},{"name":"Ragıp Erdem","order":2},{"name":"Canan Şimşek","order":3}]', 'Prof. Emre Baş', 'TEKNOFEST', 'Turkiye kiyi resiflerini katmanli 3D haritalarda belgeleyen fotogrametri ve stereo kamera tabanli dusuk maliyetli bir otonom sudalti araci sistemi gelistirilmistir.') ON CONFLICT DO NOTHING;
INSERT INTO projects (id, period_id, title, project_no, members, advisor_name, advisor_affiliation, description) VALUES ('f4f0ede3-01c4-46a1-a477-acd42790683e', '05a1eb4a-d4cf-478b-a52d-578c3d9c22ad', 'Yapay Zeka Destekli Erken Yangın Tespiti', 1, '[{"name":"Saadet Tekin","order":1},{"name":"Nazan Duran","order":2},{"name":"Fuat Ateş","order":3}]', 'Prof. Arda Keçeci', 'TUBITAK-2204A', 'YOLOv8 nesne algılama modeliyle duman ve alev tespiti yapan, konvansiyonel dedektörlere kıyasla uyarı süresini yüzde kırk kısaltan düşük maliyetli kenar-bilişim yangın erken uyarı sistemi.') ON CONFLICT DO NOTHING;
INSERT INTO projects (id, period_id, title, project_no, members, advisor_name, advisor_affiliation, description) VALUES ('f5c97d0e-9bca-4e0b-a17d-a75193ef0082', '05a1eb4a-d4cf-478b-a52d-578c3d9c22ad', 'Ağır Metallerin Tarımsal Atıklarla Filtrelenmesi', 2, '[{"name":"Salih Yücel","order":1},{"name":"Gonca Boz","order":2},{"name":"Naci Çalışkan","order":3},{"name":"Dilek Peker","order":4}]', 'Prof. Umut Şahin', 'TUBITAK-2204A', 'Pirinç kabuğu ve fındık kabuğu bazlı biyosorbentlerin ağır metal (Pb, Cd, Cr) giderimini araştırır; kimyasal aktivasyon yöntemleri optimizasyonu ve adsorpsiyon kinetiği modellemesi içerir.') ON CONFLICT DO NOTHING;
INSERT INTO projects (id, period_id, title, project_no, members, advisor_name, advisor_affiliation, description) VALUES ('836703c7-94e5-4e9c-a1f4-c9aeca526cd1', '05a1eb4a-d4cf-478b-a52d-578c3d9c22ad', 'Giyilebilir Duruş Bozukluğu Uyarı Sensörü', 3, '[{"name":"Latife Kara","order":1},{"name":"Ayfer Gündüz","order":2},{"name":"Ümit Soylu","order":3},{"name":"Zeki Turan","order":4}]', 'Prof. Rüya Işık', 'TUBITAK-2204A', 'IMU füzyonu ve çevrimiçi öğrenme ile omurga açı sapmalarını gerçek zamanlı izleyen giyilebilir cihaz; haptik titreşimle anında geri bildirim sağlar ve 90 dakika pil ömrü hedefler.') ON CONFLICT DO NOTHING;
INSERT INTO projects (id, period_id, title, project_no, members, advisor_name, advisor_affiliation, description) VALUES ('202b2597-5a44-4ae0-a6a5-4834870f87d0', '05a1eb4a-d4cf-478b-a52d-578c3d9c22ad', 'Mikroalgler ile Karbon Yakalama Sistemi', 4, '[{"name":"Perihan Çakır","order":1},{"name":"Filiz Erdoğan","order":2},{"name":"Semiha Arıcan","order":3},{"name":"Ayşe Tezcan","order":4}]', 'Prof. Zeynep Gül', 'TUBITAK-2204A', 'Kapalı devre fotobiyoreaktörde Chlorella vulgaris kültürü yetiştiren sistem; CO2 emilim kapasitesi ve biyokütle üretimi ticari karbon tutma alternatiflerine göre karşılaştırılır.') ON CONFLICT DO NOTHING;
INSERT INTO projects (id, period_id, title, project_no, members, advisor_name, advisor_affiliation, description) VALUES ('a426a611-7b78-434d-a881-aa71b5849acb', 'bb63166c-d38c-4278-a1e9-5c8b7b081a6c', 'Uydu Görüntülerinde Derin Öğrenme ile Yangın Riski Haritalaması', 1, '[{"name":"Simge Doruk","order":1},{"name":"Arzu Ünal","order":2},{"name":"Bahar Keçeci","order":3}]', 'Prof. Caner Turgut', 'TUBITAK-2204A', 'Sentinel-2 coklu-spektral uydu goruntuleri uzerinde egitilmis bir U-Net siniflandirici kullanilarak haftalik yangin riski haritalari uretilmekte ve orman yangini tehlike seviyesi geleneksel FFMC endekslerinden 23% daha erken tespit edilmektedir.') ON CONFLICT DO NOTHING;
INSERT INTO projects (id, period_id, title, project_no, members, advisor_name, advisor_affiliation, description) VALUES ('399c8138-c254-4cc4-a305-be9db396f5be', 'bb63166c-d38c-4278-a1e9-5c8b7b081a6c', 'Endüstriyel Atıksudan Ağır Metal Giderimi için Biosorpsiyon Optimizasyonu', 2, '[{"name":"Serap Işık","order":1},{"name":"Özgür Eren","order":2},{"name":"Nuran Kayalı","order":3}]', 'Prof. Hakan Kurt', 'TUBITAK-2204A', 'Tekstil ve galvaniz atiksuyu aritma icin fistik kabugu bazli bir biyosorbent optimize edilmis; 200 mg/L baslangic konsantrasyonunda bakir ve kursun icin 95% uzeri giderim verimi elde edilmistir.') ON CONFLICT DO NOTHING;
INSERT INTO projects (id, period_id, title, project_no, members, advisor_name, advisor_affiliation, description) VALUES ('f70484ca-9482-441b-a0f1-a51bd61a5693', 'bb63166c-d38c-4278-a1e9-5c8b7b081a6c', 'IMU Tabanlı Giyilebilir Boyun Duruşu İzleme ve Düzeltme Sistemi', 3, '[{"name":"Kamil Taşkın","order":1},{"name":"Samet Boztepe","order":2},{"name":"Enver Aktaş","order":3}]', 'Prof. Damla Kılıç', 'TUBITAK-2204A', 'Boyun posturunu gercek zamanli olarak takip eden ve suregen yanlis postur sirasinda titresimli uyari veren 6-eksenli IMU tabanli bir boyun bandi gelistirilmis; on saatlik ofis calismasinda boyun agrisi vakasi 40% azalmistir.') ON CONFLICT DO NOTHING;
INSERT INTO projects (id, period_id, title, project_no, members, advisor_name, advisor_affiliation, description) VALUES ('bd7220da-b4dd-4ddc-acbc-cac1d9491475', '3f9cabdb-61dc-45da-afa5-dbb1747cd8c8', 'Termal Kamera ve İHA Görüntüleri ile Hızlı Orman Yangını Tespiti', 1, '[{"name":"Şerife Erbaş","order":1},{"name":"Nilüfer Yalın","order":2},{"name":"Cenk Dalkılıç","order":3}]', 'Prof. İrem Demirci', 'TUBITAK-2204A', 'Uygun maliyetli termal kameralar ve RGB drone goruntülerini birlestiren hafif bir erken yangin tespit sistemi gelistirilmis; FLIR Tau2 termal cekimleri uzerinde egitilmis YOLOv5s modeli ile 0.91 F1 skoru elde edilmistir.') ON CONFLICT DO NOTHING;
INSERT INTO projects (id, period_id, title, project_no, members, advisor_name, advisor_affiliation, description) VALUES ('f5a78224-c079-428b-a9be-b4ab0c8d0f38', '3f9cabdb-61dc-45da-afa5-dbb1747cd8c8', 'Lignoselülozik Biyokütleden Ağır Metal Biyosorbent Sentezi ve Karakterizasyonu', 2, '[{"name":"Mahir Gündoğdu","order":1},{"name":"Tuba Ersoy","order":2},{"name":"Vedat Koçak","order":3},{"name":"Feride Sarıoğlu","order":4}]', 'Prof. Emre Baş', 'TUBITAK-2204A', 'Pirinc samani ve seker kamisi bagasindan alkali aktivasyonlu biyosorbentler sentezlenmis; BET ve SEM karakterizasyonu ile agir metal adsorpsiyon kapasitesi ve seciciligi endustriyel referans materyalleriyle karsilastirmali olarak belirlenmistir.') ON CONFLICT DO NOTHING;
INSERT INTO projects (id, period_id, title, project_no, members, advisor_name, advisor_affiliation, description) VALUES ('7c08441a-9b1c-43b1-ab4b-a6d204c8f90d', '6c44b363-4522-4cad-a251-06484b72b164', 'Phased Array Antenna for mmWave 5G (Team A)', 1, '[{"name":"Natalie Torres","order":1},{"name":"Mia Peterson","order":2},{"name":"Joshua Gray","order":3},{"name":"Elizabeth Ramirez","order":4}]', 'Prof. Isaac Perez', 'IEEE-APSSDC', 'Designs a 16-element phased array antenna with integrated MMIC beamforming IC for 28 GHz 5G applications, demonstrating plus-or-minus 60 degree beam steering and 24 dBi gain.') ON CONFLICT DO NOTHING;
INSERT INTO projects (id, period_id, title, project_no, members, advisor_name, advisor_affiliation, description) VALUES ('ca11e01d-82af-4055-aa03-4640780aa91b', '6c44b363-4522-4cad-a251-06484b72b164', 'Wearable RFID Tag Antenna for Healthcare (Team B)', 2, '[{"name":"Bella James","order":1},{"name":"Zoey Watson","order":2},{"name":"Aiden Brooks","order":3},{"name":"Stella Kelly","order":4}]', 'Prof. Ethan Ward', 'IEEE-APSSDC', 'Develops a conformal RFID tag antenna for the 900 MHz UHF band, optimized for on-body performance in healthcare settings with over 3 m read range despite proximity to skin.') ON CONFLICT DO NOTHING;
INSERT INTO projects (id, period_id, title, project_no, members, advisor_name, advisor_affiliation, description) VALUES ('f587f2b0-2c8e-40bc-ac05-182f1d07cf58', '6c44b363-4522-4cad-a251-06484b72b164', 'Dual-Band Microstrip Patch Antenna (Team C)', 3, '[{"name":"Henry Sanders","order":1},{"name":"Zoe Price","order":2},{"name":"Owen Bennett","order":3},{"name":"Sofia Wood","order":4}]', 'Prof. Owen Gray', 'IEEE-APSSDC', 'Designs a dual-band microstrip patch antenna resonating at 2.4 GHz and 5.8 GHz for Wi-Fi applications, achieving over 6 dBi gain on both bands with a compact footprint.') ON CONFLICT DO NOTHING;
INSERT INTO projects (id, period_id, title, project_no, members, advisor_name, advisor_affiliation, description) VALUES ('32f1ec66-89dc-49f5-a867-7ec816ff6d07', '6c44b363-4522-4cad-a251-06484b72b164', 'Metamaterial-based Radar Cross Section Reduction (Team D)', 4, '[{"name":"Chloe Barnes","order":1},{"name":"Liam Ross","order":2},{"name":"Ava Henderson","order":3},{"name":"Sofia Coleman","order":4}]', 'Prof. Aria Sanders', 'IEEE-APSSDC', 'Applies mushroom-type electromagnetic band-gap metamaterial structures to reduce the radar cross section of a flat metallic target by over 15 dB across the X-band (8-12 GHz).') ON CONFLICT DO NOTHING;
INSERT INTO projects (id, period_id, title, project_no, members, advisor_name, advisor_affiliation, description) VALUES ('558f6b14-f11f-4dc3-ad37-c9041ad4e145', '318124ea-8614-4355-ad48-2486524dfc13', '5G NR Sub-6 GHz MIMO Array with Adaptive Beam Steering (Team A)', 1, '[{"name":"Scarlett Jenkins","order":1},{"name":"Dylan Perry","order":2},{"name":"John Powell","order":3},{"name":"Landon Long","order":4}]', 'Prof. Logan Bailey', 'IEEE-APSSDC', 'Designs a 4x4 planar inverted-F antenna array for 5G NR n78 band with active beam steering, achieving 12 dBi peak gain and 99th-percentile SINR improvement over a single-element reference in a dense urban channel model.') ON CONFLICT DO NOTHING;
INSERT INTO projects (id, period_id, title, project_no, members, advisor_name, advisor_affiliation, description) VALUES ('e970c78e-aaff-43ef-a236-77caf54b07ce', '318124ea-8614-4355-ad48-2486524dfc13', 'On-Body 2.4 GHz Patch Antenna for Implant-to-Wearable BAN Link (Team B)', 2, '[{"name":"Olivia Patterson","order":1},{"name":"Ryan Hughes","order":2},{"name":"Sebastian Flores","order":3}]', 'Prof. Ella Brooks', 'IEEE-APSSDC', 'Characterises a flexible substrate patch antenna designed for the 2.4 GHz ISM band in body-area network scenarios, measuring path loss and SAR distribution across five tissue-equivalent phantom torso configurations.') ON CONFLICT DO NOTHING;
INSERT INTO projects (id, period_id, title, project_no, members, advisor_name, advisor_affiliation, description) VALUES ('9c450cf6-cae4-4390-a3ed-12f231962d02', '318124ea-8614-4355-ad48-2486524dfc13', 'Wideband Yagi-Uda Array for UHF TV White-Space Cognitive Radio (Team C)', 3, '[{"name":"Emma Washington","order":1},{"name":"Samuel Butler","order":2},{"name":"Alexander Simmons","order":3}]', 'Prof. Nolan Davies', 'IEEE-APSSDC', 'Designs a compact 3-element Yagi-Uda array covering 470-790 MHz UHF TV white-space bands, demonstrating 8 dBd gain with a reconfigurable matching network enabling cognitive radio spectrum sensing across sub-bands.') ON CONFLICT DO NOTHING;
INSERT INTO projects (id, period_id, title, project_no, members, advisor_name, advisor_affiliation, description) VALUES ('55964658-c936-45e8-ae7c-bccdb9dcfb20', 'b7014c23-db5e-4be5-a5d6-d9597e8578cc', '60 GHz Millimetre-Wave Slot Array Antenna for Short-Range P2P Links (Team A)', 1, '[{"name":"Addison Foster","order":1},{"name":"William Gonzales","order":2},{"name":"Victoria Bryant","order":3}]', 'Prof. Sophie Clarke', 'IEEE-APSSDC', 'Designs an 8x1 slot array antenna resonating at 60 GHz for IEEE 802.11ad point-to-point links, achieving 18 dBi gain and 3-dB beamwidth of 12 degrees with a low-cost Rogers substrate and SMA end-launch connector.') ON CONFLICT DO NOTHING;
INSERT INTO projects (id, period_id, title, project_no, members, advisor_name, advisor_affiliation, description) VALUES ('bc3fe67d-937f-4744-ae90-a19293fc5d5c', 'b7014c23-db5e-4be5-a5d6-d9597e8578cc', 'Electrotextile Antenna for 915 MHz BodyArea Network (Team B)', 2, '[{"name":"Noah Alexander","order":1},{"name":"Ella Russell","order":2},{"name":"Daniel Griffin","order":3}]', 'Prof. Julian Hayes', 'IEEE-APSSDC', 'Fabricates and characterises a washable conductive-thread patch antenna on a cotton substrate for 915 MHz ISM BAN applications, measuring detuning under bending and 10 wash cycles with a Vector Network Analyser.') ON CONFLICT DO NOTHING;
INSERT INTO projects (id, period_id, title, project_no, members, advisor_name, advisor_affiliation, description) VALUES ('7409c3d5-b62b-487e-aa60-8be8b736f7d9', '47979751-163d-48b3-ae56-a65586d18f1b', 'Autogyro Payload Recovery System - Entry 1', 1, '[{"name":"Hazel Diaz","order":1},{"name":"Charles Hayes","order":2},{"name":"Lincoln Myers","order":3}]', 'Prof. Aurora Price', 'CANSAT-2025', 'Designs a passive autogyro descent mechanism for a CanSat payload, achieving under 5 m/s terminal velocity without motorized components using only rotating blade geometry.') ON CONFLICT DO NOTHING;
INSERT INTO projects (id, period_id, title, project_no, members, advisor_name, advisor_affiliation, description) VALUES ('d812e821-9cf5-4042-ae7b-7b45b9a7b922', '47979751-163d-48b3-ae56-a65586d18f1b', 'Telemetry and Ground Station Integration - Entry 2', 2, '[{"name":"Camila Ford","order":1},{"name":"Mason Hamilton","order":2},{"name":"Matthew Graham","order":3},{"name":"Benjamin Sullivan","order":4}]', 'Prof. Hazel Foster', 'CANSAT-2025', 'Implements a dual-frequency telemetry system (433 MHz and 2.4 GHz) with a custom ground station GUI displaying real-time GPS track, altitude profile, and sensor dashboards.') ON CONFLICT DO NOTHING;
INSERT INTO projects (id, period_id, title, project_no, members, advisor_name, advisor_affiliation, description) VALUES ('e3603c93-8069-4824-afa0-10fe733475e3', '47979751-163d-48b3-ae56-a65586d18f1b', 'Atmospheric Sensor Suite Deployment - Entry 3', 3, '[{"name":"Evelyn Wallace","order":1},{"name":"Anthony Woods","order":2},{"name":"Alice Cole","order":3}]', 'Prof. Mia Howard', 'CANSAT-2025', 'Integrates a miniaturized atmospheric sensor suite measuring temperature, humidity, CO2, and particulate matter into a CanSat form factor with in-flight data logging and post-flight visualization.') ON CONFLICT DO NOTHING;
INSERT INTO projects (id, period_id, title, project_no, members, advisor_name, advisor_affiliation, description) VALUES ('851c3941-dfa8-4feb-ae26-c58965626732', '47979751-163d-48b3-ae56-a65586d18f1b', 'Deployable Heat Shield for Reentry Demo - Entry 4', 4, '[{"name":"Madeline West","order":1},{"name":"Aubrey Jordan","order":2},{"name":"Jaxon Owens","order":3},{"name":"Isabella Reynolds","order":4}]', 'Prof. Lucy Brooks', 'CANSAT-2025', 'Designs a lightweight deployable ablative heat shield for a CanSat reentry demonstration, validating thermal protection material performance and deployment mechanism reliability during descent.') ON CONFLICT DO NOTHING;
INSERT INTO projects (id, period_id, title, project_no, members, advisor_name, advisor_affiliation, description) VALUES ('bfe219aa-e626-4093-acb4-0a8d92229438', '10abd4e8-0cb9-4853-a17c-ac40da311bff', 'Variable-Pitch Autogyro for Precision Landing in Turbulent Descent', 1, '[{"name":"Luke Fisher","order":1},{"name":"Aaliyah Ellis","order":2},{"name":"Diana Smith","order":3}]', 'Prof. Owen Gray', 'CANSAT-2025', 'Develops a variable-pitch autogyro recovery mechanism enabling a CanSat to achieve a target landing zone within a 10 m radius under 5 m/s crosswind conditions, validated through six consecutive drop tests.') ON CONFLICT DO NOTHING;
INSERT INTO projects (id, period_id, title, project_no, members, advisor_name, advisor_affiliation, description) VALUES ('667b7df9-720b-44ea-a5c0-47ee35ca31b7', '10abd4e8-0cb9-4853-a17c-ac40da311bff', 'Real-Time Compressed Telemetry over 915 MHz FHSS for CanSat Network', 2, '[{"name":"Alexander Johnson","order":1},{"name":"Grace Williams","order":2},{"name":"Edward Brown","order":3}]', 'Prof. Lucas Sullivan', 'CANSAT-2025', 'Implements a frequency-hopping spread-spectrum telemetry link at 915 MHz with LZ4-compressed sensor payloads, achieving 98.4% packet delivery ratio at 1 km slant range with a custom SDL ground-station receiver.') ON CONFLICT DO NOTHING;
INSERT INTO projects (id, period_id, title, project_no, members, advisor_name, advisor_affiliation, description) VALUES ('77459bde-2dda-4848-a5c5-22decb273d5e', '10abd4e8-0cb9-4853-a17c-ac40da311bff', 'Multi-Layer Atmospheric Temperature and Humidity Profiling CanSat', 3, '[{"name":"George Jones","order":1},{"name":"Clara Garcia","order":2},{"name":"Elena Miller","order":3}]', 'Prof. Caleb Richardson', 'CANSAT-2025', 'Deploys a CanSat equipped with cascaded SHT31 and BMP390 sensors sampling at 10 Hz during descent, generating a vertical atmospheric profile and validating results against radiosonde reference data from a nearby weather station.') ON CONFLICT DO NOTHING;
INSERT INTO projects (id, period_id, title, project_no, members, advisor_name, advisor_affiliation, description) VALUES ('8b01cc7c-13ab-422f-adc9-8a0a796c8dc4', '9f49cd18-d850-4b1e-ae53-c08253910f4e', 'Two-Blade Autogyro with Impact-Resistant Composite Shell Recovery System', 1, '[{"name":"Fiona Davis","order":1},{"name":"Natalie Wilson","order":2},{"name":"Robert Taylor","order":3}]', 'Prof. Dylan Reed', 'CANSAT-2025', 'Constructs a two-blade autogyro from CFRP blades and a 3D-printed polycarbonate nacelle, characterising rotor RPM and descent rate across three payload weights and demonstrating sub-5 m/s terminal velocity at 500 g gross mass.') ON CONFLICT DO NOTHING;
INSERT INTO projects (id, period_id, title, project_no, members, advisor_name, advisor_affiliation, description) VALUES ('15713af0-a06b-43ac-a10b-867a682f2409', '9f49cd18-d850-4b1e-ae53-c08253910f4e', 'Ground Control Station with Live 3D Trajectory Visualisation', 2, '[{"name":"William Anderson","order":1},{"name":"Charles Thomas","order":2},{"name":"Sophie Jackson","order":3},{"name":"Arthur White","order":4}]', 'Prof. Eva Harding', 'CANSAT-2025', 'Develops a Python-based ground control station parsing serial telemetry from a CanSat via a 433 MHz link, rendering a live 3D trajectory in CesiumJS and generating automatic flight-report PDFs on recovery event detection.') ON CONFLICT DO NOTHING;


-- Jurors
INSERT INTO jurors (id, organization_id, juror_name, affiliation, avatar_color, email, notes) VALUES ('aaa0da50-6432-47e0-ab48-b01ca823ef19', 'e802a6cb-6cfa-4a7c-aba6-2038490fb899', 'Prof. Cihan Akpınar', 'Sabanci University, EE', '#F59E0B', 'cihan.akpinar@vera-eval.app', 'RF and antenna systems specialist; evaluates technical depth of hardware projects.') ON CONFLICT DO NOTHING;
INSERT INTO jurors (id, organization_id, juror_name, affiliation, avatar_color, email, notes) VALUES ('9a21397b-552a-4b00-a5c4-15a0982436b1', 'e802a6cb-6cfa-4a7c-aba6-2038490fb899', 'Dr. Aslıhan Koçak', 'Ohio State University, ECE', '#3B82F6', 'aslihan.kocak@vera-eval.app', 'Power electronics researcher; strong focus on energy-efficient system design.') ON CONFLICT DO NOTHING;
INSERT INTO jurors (id, organization_id, juror_name, affiliation, avatar_color, email, notes) VALUES ('7d1bbec7-493f-4e1a-aee5-be30df51db49', 'e802a6cb-6cfa-4a7c-aba6-2038490fb899', 'Prof. Ferit Atasoy', 'METU, EE', '#8B5CF6', 'ferit.atasoy@vera-eval.app', 'Signal processing and communications expert; METU faculty member.') ON CONFLICT DO NOTHING;
INSERT INTO jurors (id, organization_id, juror_name, affiliation, avatar_color, email, notes) VALUES ('868057b9-f2e0-4db1-a4e9-e258d25f84e1', 'e802a6cb-6cfa-4a7c-aba6-2038490fb899', 'Dr. Pınar Dalkılıç', 'Istanbul Technical University, CS', '#EC4899', 'pinar.dalkilic@vera-eval.app', 'Computer science and embedded systems; cross-departmental jury member.') ON CONFLICT DO NOTHING;
INSERT INTO jurors (id, organization_id, juror_name, affiliation, avatar_color, email, notes) VALUES ('52a3f7a0-46fb-4596-ac3c-1db9f7ec0db2', 'e802a6cb-6cfa-4a7c-aba6-2038490fb899', 'Engin Boztepe', 'Aselsan, RF Systems Division', '#10B981', 'engin.boztepe@vera-eval.app', 'Industry juror from Aselsan; focuses on real-world applicability and system integration.') ON CONFLICT DO NOTHING;
INSERT INTO jurors (id, organization_id, juror_name, affiliation, avatar_color, email, notes) VALUES ('56948fec-ce3d-493b-afc4-4e281e9b8f58', 'e802a6cb-6cfa-4a7c-aba6-2038490fb899', 'Dr. Serap Gündoğdu', 'TUBITAK BILGEM', '#EF4444', 'serap.gundogdu@vera-eval.app', 'Cybersecurity and hardware security researcher at TUBITAK BILGEM.') ON CONFLICT DO NOTHING;
INSERT INTO jurors (id, organization_id, juror_name, affiliation, avatar_color, email, notes) VALUES ('ff458a22-0a8c-4701-a835-da94b83a3b0f', 'e802a6cb-6cfa-4a7c-aba6-2038490fb899', 'Prof. Orhan Sezgin', 'Bilkent University, EE', '#6366F1', 'orhan.sezgin@vera-eval.app', 'Photonics and optical communications; Bilkent University faculty.') ON CONFLICT DO NOTHING;
INSERT INTO jurors (id, organization_id, juror_name, affiliation, avatar_color, email, notes) VALUES ('b43a5dc5-d587-4940-a4ab-7d8a7ed44387', 'e802a6cb-6cfa-4a7c-aba6-2038490fb899', 'Yasin Erimbaş', 'Turk Telekom, R&D Center', '#14B8A6', 'yasin.erimbas@vera-eval.app', 'Industry juror from Turk Telekom R&D; evaluates telecoms and network projects.') ON CONFLICT DO NOTHING;
INSERT INTO jurors (id, organization_id, juror_name, affiliation, avatar_color, email, notes) VALUES ('72184d7d-905d-4a13-a136-8ff90c2cc349', 'e802a6cb-6cfa-4a7c-aba6-2038490fb899', 'Dr. Nihan Ersoy', 'Istanbul Technical University, EE', '#F97316', 'nihan.ersoy@vera-eval.app', 'Control systems and robotics researcher; ITU faculty.') ON CONFLICT DO NOTHING;
INSERT INTO jurors (id, organization_id, juror_name, affiliation, avatar_color, email, notes) VALUES ('d061174f-dbec-4d68-a56d-ce41cdc205a6', 'e802a6cb-6cfa-4a7c-aba6-2038490fb899', 'Dr. Alper Kılıç', 'Hacettepe University, EE', '#A855F7', 'alper.kilic@vera-eval.app', 'MEMS and sensor systems expert; Hacettepe University faculty.') ON CONFLICT DO NOTHING;
INSERT INTO jurors (id, organization_id, juror_name, affiliation, avatar_color, email, notes) VALUES ('47dcf645-bcf8-407e-a86e-f0e506495726', 'b94595d6-710c-4302-ad1b-11f4d216e028', 'Asst. Prof. Thomas Albright', 'Carnegie Mellon University, Computer Science', '#F59E0B', 'thomas.albright@vera-eval.app', 'Systems programming and OS researcher; CMU faculty member.') ON CONFLICT DO NOTHING;
INSERT INTO jurors (id, organization_id, juror_name, affiliation, avatar_color, email, notes) VALUES ('44e14170-d567-4ad4-a771-cd269d538a2f', 'b94595d6-710c-4302-ad1b-11f4d216e028', 'Prof. Simon Caldwell', 'Carnegie Mellon University, Computer Science', '#3B82F6', 'simon.caldwell@vera-eval.app', 'Machine learning and distributed systems; senior faculty at CMU CS.') ON CONFLICT DO NOTHING;
INSERT INTO jurors (id, organization_id, juror_name, affiliation, avatar_color, email, notes) VALUES ('c8a52987-c3a6-4368-a31c-a2f6566399f1', 'b94595d6-710c-4302-ad1b-11f4d216e028', 'Nina Prescott', 'Google, Software Engineering', '#8B5CF6', 'nina.prescott@vera-eval.app', 'Industry juror from Google; focuses on engineering practices and scalability.') ON CONFLICT DO NOTHING;
INSERT INTO jurors (id, organization_id, juror_name, affiliation, avatar_color, email, notes) VALUES ('cdfec676-c0dc-4c35-a5d8-79ba609e397d', 'b94595d6-710c-4302-ad1b-11f4d216e028', 'Wesley Dalton', 'Microsoft Research, Systems', '#EC4899', 'wesley.dalton@vera-eval.app', 'Industry juror from Microsoft Research; systems and infrastructure background.') ON CONFLICT DO NOTHING;
INSERT INTO jurors (id, organization_id, juror_name, affiliation, avatar_color, email, notes) VALUES ('405cb976-b946-4594-a572-1bdaaa5fd5c3', 'b94595d6-710c-4302-ad1b-11f4d216e028', 'Assoc. Prof. Sofia Lang', 'Carnegie Mellon University, Software Engineering', '#10B981', 'sofia.lang@vera-eval.app', 'Software engineering and formal methods researcher; CMU faculty.') ON CONFLICT DO NOTHING;
INSERT INTO jurors (id, organization_id, juror_name, affiliation, avatar_color, email, notes) VALUES ('4880a479-e7ba-47bd-a66d-7b889755d7c0', 'b94595d6-710c-4302-ad1b-11f4d216e028', 'Victor Sutton', 'Meta, Infrastructure Engineering', '#EF4444', 'victor.sutton@vera-eval.app', 'Industry juror from Meta; distributed systems and reliability engineering.') ON CONFLICT DO NOTHING;
INSERT INTO jurors (id, organization_id, juror_name, affiliation, avatar_color, email, notes) VALUES ('a6f1a5dd-ae98-4726-adf3-512181d2e08f', 'b94595d6-710c-4302-ad1b-11f4d216e028', 'Fiona Mercer', 'Apple, Software Engineering', '#6366F1', 'fiona.mercer@vera-eval.app', 'Industry juror from Apple; focuses on system design and product quality.') ON CONFLICT DO NOTHING;
INSERT INTO jurors (id, organization_id, juror_name, affiliation, avatar_color, email, notes) VALUES ('cec22180-51e9-4924-a2d0-6bca4aeb0028', 'd8214e32-d30f-4a0c-aee5-1c6fa0d41336', 'Kemal Aksoy', 'ROKETSAN, Güdüm Sistemleri', '#F59E0B', 'kemal.aksoy@vera-eval.app', 'Guided systems engineer at ROKETSAN; evaluates propulsion and control designs.') ON CONFLICT DO NOTHING;
INSERT INTO jurors (id, organization_id, juror_name, affiliation, avatar_color, email, notes) VALUES ('27eea0b5-10e7-42eb-a739-4082ace54aa0', 'd8214e32-d30f-4a0c-aee5-1c6fa0d41336', 'Eda Kılıç', 'STM, Otonom Sistemler', '#3B82F6', 'eda.kilic@vera-eval.app', 'Autonomous systems specialist at STM; strong focus on UAV software stacks.') ON CONFLICT DO NOTHING;
INSERT INTO jurors (id, organization_id, juror_name, affiliation, avatar_color, email, notes) VALUES ('618aec67-dbed-41bf-ac48-c600f70c9fa5', 'd8214e32-d30f-4a0c-aee5-1c6fa0d41336', 'Onur Yalın', 'Aselsan, Taktik Sistemler', '#8B5CF6', 'onur.yalin@vera-eval.app', 'Tactical systems engineer at Aselsan; evaluates avionics and mission systems.') ON CONFLICT DO NOTHING;
INSERT INTO jurors (id, organization_id, juror_name, affiliation, avatar_color, email, notes) VALUES ('8a98e32c-a076-407a-a0c5-18badfbd546d', 'd8214e32-d30f-4a0c-aee5-1c6fa0d41336', 'Buse Kar', 'BAYKAR, Yazılım Mühendisliği', '#EC4899', 'buse.kar@vera-eval.app', 'Software engineering lead at BAYKAR; focuses on embedded real-time systems.') ON CONFLICT DO NOTHING;
INSERT INTO jurors (id, organization_id, juror_name, affiliation, avatar_color, email, notes) VALUES ('e4550b83-b849-4977-a7b0-dc011fad64f5', 'd8214e32-d30f-4a0c-aee5-1c6fa0d41336', 'Cemil Demir', 'TÜBİTAK BİLGEM, Gömülü Sistemler', '#10B981', 'cemil.demir@vera-eval.app', 'Embedded systems researcher at TÜBİTAK BİLGEM; evaluates firmware and FPGA designs.') ON CONFLICT DO NOTHING;
INSERT INTO jurors (id, organization_id, juror_name, affiliation, avatar_color, email, notes) VALUES ('5da6e3f5-d18d-4b7d-a22f-0a5f380c0775', 'd8214e32-d30f-4a0c-aee5-1c6fa0d41336', 'Aylin Çelik', 'Türkiye Uzay Ajansı, Teknoloji Transfer', '#EF4444', 'aylin.celik@vera-eval.app', 'Technology transfer specialist at the Turkish Space Agency; evaluates TRL and commercialization potential.') ON CONFLICT DO NOTHING;
INSERT INTO jurors (id, organization_id, juror_name, affiliation, avatar_color, notes) VALUES ('a49b6b5e-f40d-48f6-a398-87b85bbff743', '088f5054-c9df-4c7f-a679-c1321524f250', 'Doç. Dr. Tarık Şahin', 'Hacettepe Üniversitesi, Kimya Mühendisliği', '#F59E0B', 'Chemical engineering faculty at Hacettepe; evaluates materials science and process projects.') ON CONFLICT DO NOTHING;
INSERT INTO jurors (id, organization_id, juror_name, affiliation, avatar_color, notes) VALUES ('9ff6ca95-c216-42cd-a63f-1e58b1756cf2', '088f5054-c9df-4c7f-a679-c1321524f250', 'Dr. Zeynep Karahan', 'ODTÜ, Biyomedikal Mühendisliği', '#3B82F6', 'Biomedical engineering researcher at METU; evaluates healthcare and biosensor projects.') ON CONFLICT DO NOTHING;
INSERT INTO jurors (id, organization_id, juror_name, affiliation, avatar_color, notes) VALUES ('9d55d273-9fd8-4365-a294-404246566892', '088f5054-c9df-4c7f-a679-c1321524f250', 'Prof. Dr. Burcu Aydın', 'İstanbul Teknik Üniversitesi, Çevre Mühendisliği', '#8B5CF6', 'Environmental engineering faculty at ITU; focuses on sustainability and environmental impact.') ON CONFLICT DO NOTHING;
INSERT INTO jurors (id, organization_id, juror_name, affiliation, avatar_color, notes) VALUES ('3b0ea27c-c7a3-414a-ab47-db50db3ab838', '088f5054-c9df-4c7f-a679-c1321524f250', 'Dr. Fatih Öz', 'Boğaziçi Üniversitesi, Fizik', '#EC4899', 'Physics faculty at Boğaziçi; evaluates fundamental science and measurement projects.') ON CONFLICT DO NOTHING;
INSERT INTO jurors (id, organization_id, juror_name, affiliation, avatar_color, notes) VALUES ('15c5c11f-a19f-48f7-aa39-92872d8a1a00', '088f5054-c9df-4c7f-a679-c1321524f250', 'Doç. Dr. Seda Arslan', 'Ankara Üniversitesi, Biyoteknoloji', '#10B981', 'Biotechnology researcher at Ankara University; evaluates life science and bioprocess projects.') ON CONFLICT DO NOTHING;
INSERT INTO jurors (id, organization_id, juror_name, affiliation, avatar_color, email, notes) VALUES ('f106ca15-dc12-414f-ac41-0b361db08f95', 'ff81ecf1-13ac-44b2-a331-0a207a8c7184', 'Assoc. Prof. Oliver Grant', 'University of Texas at Austin, ECE', '#F59E0B', 'oliver.grant@vera-eval.app', 'Antenna and propagation researcher at UT Austin; IEEE AP-S technical committee member.') ON CONFLICT DO NOTHING;
INSERT INTO jurors (id, organization_id, juror_name, affiliation, avatar_color, email, notes) VALUES ('2d3b2caa-0358-45c2-a122-c1c17cb9fbc5', 'ff81ecf1-13ac-44b2-a331-0a207a8c7184', 'Prof. Eleanor Cole', 'Georgia Institute of Technology, ECE', '#3B82F6', 'eleanor.cole@vera-eval.app', 'Microwave circuits and phased-array expert at Georgia Tech; senior IEEE member.') ON CONFLICT DO NOTHING;
INSERT INTO jurors (id, organization_id, juror_name, affiliation, avatar_color, email, notes) VALUES ('79ef4764-8e84-4a18-ad48-dbd780a5a027', 'ff81ecf1-13ac-44b2-a331-0a207a8c7184', 'Asst. Prof. Sebastian Reed', 'University of Michigan, EECS', '#8B5CF6', 'sebastian.reed@vera-eval.app', 'Computational electromagnetics researcher at U Michigan; EECS faculty.') ON CONFLICT DO NOTHING;
INSERT INTO jurors (id, organization_id, juror_name, affiliation, avatar_color, email, notes) VALUES ('a206da8b-457b-4842-ae74-911fb4193bfe', 'ff81ecf1-13ac-44b2-a331-0a207a8c7184', 'Asst. Prof. Stella Brooks', 'Ohio State University, ECE', '#EC4899', 'stella.brooks@vera-eval.app', 'Wearable and biomedical antenna specialist at Ohio State; IEEE AP-S reviewer.') ON CONFLICT DO NOTHING;
INSERT INTO jurors (id, organization_id, juror_name, affiliation, avatar_color, notes) VALUES ('74499a66-86e7-4d92-ade1-70ba9b770ef0', 'b72b74d8-1d2c-4b0d-a982-48bfbed8fb29', 'Asst. Prof. Nathan Boyd', 'University of Colorado Boulder, Aerospace Engineering', '#F59E0B', 'Aerospace engineering faculty at CU Boulder; evaluates descent mechanics and structural integrity.') ON CONFLICT DO NOTHING;
INSERT INTO jurors (id, organization_id, juror_name, affiliation, avatar_color, notes) VALUES ('4f32d322-afb7-4042-a9d1-ce0c17a09a30', 'b72b74d8-1d2c-4b0d-a982-48bfbed8fb29', 'Assoc. Prof. Rachel Kim', 'Georgia Institute of Technology, Aerospace Engineering', '#3B82F6', 'Spacecraft systems researcher at Georgia Tech; focuses on sensor integration and mission design.') ON CONFLICT DO NOTHING;
INSERT INTO jurors (id, organization_id, juror_name, affiliation, avatar_color, notes) VALUES ('a71bad63-0a65-47a2-a5a5-623ab35c9ba7', 'b72b74d8-1d2c-4b0d-a982-48bfbed8fb29', 'Assoc. Prof. Tyler Marsh', 'University of Texas at Austin, ASE', '#8B5CF6', 'Aerospace engineering faculty at UT Austin; evaluates telemetry systems and GNC.') ON CONFLICT DO NOTHING;
INSERT INTO jurors (id, organization_id, juror_name, affiliation, avatar_color, notes) VALUES ('25380419-e8ec-4bae-a9e7-eeded88bba8b', 'b72b74d8-1d2c-4b0d-a982-48bfbed8fb29', 'Prof. Diana Holt', 'MIT, Aeronautics and Astronautics', '#EC4899', 'Aeronautics and astronautics faculty at MIT; technical lead for CanSat judging panel.') ON CONFLICT DO NOTHING;


-- Juror Period Auth
-- Status semantics: Completed = final_submitted_at + all projects scored
--                   Editing   = final_submitted_at + edit_enabled
--                   InProgress = some scores, no final_submitted_at
--                   ReadyToSubmit = all scored, no final_submitted_at
--                   NotStarted = pin_hash only (no last_seen_at, no scores)
-- Distribution: current periods ~80% completed, past periods 100% completed

INSERT INTO juror_period_auth (juror_id, period_id, pin_hash, final_submitted_at, edit_enabled, edit_reason, edit_expires_at, last_seen_at) VALUES ('aaa0da50-6432-47e0-ab48-b01ca823ef19', 'a0d6f60d-ece4-40f8-aca2-955b4abc5d88', '$2a$06$D1E3X/QGg9sM4W0.A3vQG.n9v6p0y5NlKJ/K6W9fHq7.HkH9n.AWe', timestamp '2026-06-15 12:00:00' - interval '37 hours', true, 'Score correction requested by department chair', timestamp '2026-06-15 12:00:00' + interval '24 hours', timestamp '2026-06-15 12:00:00' - interval '8 hours') ON CONFLICT DO NOTHING;
INSERT INTO juror_period_auth (juror_id, period_id, pin_hash, final_submitted_at, last_seen_at) VALUES ('9a21397b-552a-4b00-a5c4-15a0982436b1', 'a0d6f60d-ece4-40f8-aca2-955b4abc5d88', '$2a$06$D1E3X/QGg9sM4W0.A3vQG.n9v6p0y5NlKJ/K6W9fHq7.HkH9n.AWe', timestamp '2026-06-15 12:00:00' - interval '16 hours', timestamp '2026-06-15 12:00:00' - interval '4 hours') ON CONFLICT DO NOTHING;
INSERT INTO juror_period_auth (juror_id, period_id, pin_hash, final_submitted_at, last_seen_at) VALUES ('7d1bbec7-493f-4e1a-aee5-be30df51db49', 'a0d6f60d-ece4-40f8-aca2-955b4abc5d88', '$2a$06$D1E3X/QGg9sM4W0.A3vQG.n9v6p0y5NlKJ/K6W9fHq7.HkH9n.AWe', timestamp '2026-06-15 12:00:00' - interval '37 hours', timestamp '2026-06-15 12:00:00' - interval '7 hours') ON CONFLICT DO NOTHING;
INSERT INTO juror_period_auth (juror_id, period_id, pin_hash, final_submitted_at, last_seen_at) VALUES ('868057b9-f2e0-4db1-a4e9-e258d25f84e1', 'a0d6f60d-ece4-40f8-aca2-955b4abc5d88', '$2a$06$D1E3X/QGg9sM4W0.A3vQG.n9v6p0y5NlKJ/K6W9fHq7.HkH9n.AWe', timestamp '2026-06-15 12:00:00' - interval '30 hours', timestamp '2026-06-15 12:00:00' - interval '7 hours') ON CONFLICT DO NOTHING;
INSERT INTO juror_period_auth (juror_id, period_id, pin_hash) VALUES ('52a3f7a0-46fb-4596-ac3c-1db9f7ec0db2', 'a0d6f60d-ece4-40f8-aca2-955b4abc5d88', '$2a$06$D1E3X/QGg9sM4W0.A3vQG.n9v6p0y5NlKJ/K6W9fHq7.HkH9n.AWe') ON CONFLICT DO NOTHING;
INSERT INTO juror_period_auth (juror_id, period_id, pin_hash, final_submitted_at, last_seen_at) VALUES ('56948fec-ce3d-493b-afc4-4e281e9b8f58', 'a0d6f60d-ece4-40f8-aca2-955b4abc5d88', '$2a$06$D1E3X/QGg9sM4W0.A3vQG.n9v6p0y5NlKJ/K6W9fHq7.HkH9n.AWe', timestamp '2026-06-15 12:00:00' - interval '25 hours', timestamp '2026-06-15 12:00:00' - interval '7 hours') ON CONFLICT DO NOTHING;
INSERT INTO juror_period_auth (juror_id, period_id, pin_hash, last_seen_at) VALUES ('ff458a22-0a8c-4701-a835-da94b83a3b0f', 'a0d6f60d-ece4-40f8-aca2-955b4abc5d88', '$2a$06$D1E3X/QGg9sM4W0.A3vQG.n9v6p0y5NlKJ/K6W9fHq7.HkH9n.AWe', timestamp '2026-06-15 12:00:00' - interval '6 hours') ON CONFLICT DO NOTHING;
INSERT INTO juror_period_auth (juror_id, period_id, pin_hash, last_seen_at) VALUES ('b43a5dc5-d587-4940-a4ab-7d8a7ed44387', 'a0d6f60d-ece4-40f8-aca2-955b4abc5d88', '$2a$06$D1E3X/QGg9sM4W0.A3vQG.n9v6p0y5NlKJ/K6W9fHq7.HkH9n.AWe', timestamp '2026-06-15 12:00:00' - interval '10 hours') ON CONFLICT DO NOTHING;
INSERT INTO juror_period_auth (juror_id, period_id, pin_hash, final_submitted_at, last_seen_at) VALUES ('72184d7d-905d-4a13-a136-8ff90c2cc349', 'a0d6f60d-ece4-40f8-aca2-955b4abc5d88', '$2a$06$D1E3X/QGg9sM4W0.A3vQG.n9v6p0y5NlKJ/K6W9fHq7.HkH9n.AWe', timestamp '2026-06-15 12:00:00' - interval '3 hours', timestamp '2026-06-15 12:00:00' - interval '2 hours') ON CONFLICT DO NOTHING;
INSERT INTO juror_period_auth (juror_id, period_id, pin_hash, final_submitted_at, last_seen_at) VALUES ('d061174f-dbec-4d68-a56d-ce41cdc205a6', 'a0d6f60d-ece4-40f8-aca2-955b4abc5d88', '$2a$06$D1E3X/QGg9sM4W0.A3vQG.n9v6p0y5NlKJ/K6W9fHq7.HkH9n.AWe', timestamp '2026-06-15 12:00:00' - interval '47 hours', timestamp '2026-06-15 12:00:00' - interval '4 hours') ON CONFLICT DO NOTHING;
INSERT INTO juror_period_auth (juror_id, period_id, pin_hash, final_submitted_at, last_seen_at) VALUES ('aaa0da50-6432-47e0-ab48-b01ca823ef19', '952dd05e-8ff2-44a7-a13b-9a22958f57fb', '$2a$06$D1E3X/QGg9sM4W0.A3vQG.n9v6p0y5NlKJ/K6W9fHq7.HkH9n.AWe', timestamp '2025-12-20 12:00:00' - interval '34 hours', timestamp '2025-12-20 12:00:00' - interval '9 hours') ON CONFLICT DO NOTHING;
INSERT INTO juror_period_auth (juror_id, period_id, pin_hash, final_submitted_at, last_seen_at) VALUES ('9a21397b-552a-4b00-a5c4-15a0982436b1', '952dd05e-8ff2-44a7-a13b-9a22958f57fb', '$2a$06$D1E3X/QGg9sM4W0.A3vQG.n9v6p0y5NlKJ/K6W9fHq7.HkH9n.AWe', timestamp '2025-12-20 12:00:00' - interval '10 hours', timestamp '2025-12-20 12:00:00' - interval '9 hours') ON CONFLICT DO NOTHING;
INSERT INTO juror_period_auth (juror_id, period_id, pin_hash, final_submitted_at, last_seen_at) VALUES ('7d1bbec7-493f-4e1a-aee5-be30df51db49', '952dd05e-8ff2-44a7-a13b-9a22958f57fb', '$2a$06$D1E3X/QGg9sM4W0.A3vQG.n9v6p0y5NlKJ/K6W9fHq7.HkH9n.AWe', timestamp '2025-12-20 12:00:00' - interval '46 hours', timestamp '2025-12-20 12:00:00' - interval '2 hours') ON CONFLICT DO NOTHING;
INSERT INTO juror_period_auth (juror_id, period_id, pin_hash, final_submitted_at, last_seen_at) VALUES ('868057b9-f2e0-4db1-a4e9-e258d25f84e1', '952dd05e-8ff2-44a7-a13b-9a22958f57fb', '$2a$06$D1E3X/QGg9sM4W0.A3vQG.n9v6p0y5NlKJ/K6W9fHq7.HkH9n.AWe', timestamp '2025-12-20 12:00:00' - interval '44 hours', timestamp '2025-12-20 12:00:00' - interval '2 hours') ON CONFLICT DO NOTHING;
INSERT INTO juror_period_auth (juror_id, period_id, pin_hash, final_submitted_at, last_seen_at) VALUES ('52a3f7a0-46fb-4596-ac3c-1db9f7ec0db2', '952dd05e-8ff2-44a7-a13b-9a22958f57fb', '$2a$06$D1E3X/QGg9sM4W0.A3vQG.n9v6p0y5NlKJ/K6W9fHq7.HkH9n.AWe', timestamp '2025-12-20 12:00:00' - interval '2 hours', timestamp '2025-12-20 12:00:00' - interval '8 hours') ON CONFLICT DO NOTHING;
INSERT INTO juror_period_auth (juror_id, period_id, pin_hash, final_submitted_at, last_seen_at) VALUES ('56948fec-ce3d-493b-afc4-4e281e9b8f58', '952dd05e-8ff2-44a7-a13b-9a22958f57fb', '$2a$06$D1E3X/QGg9sM4W0.A3vQG.n9v6p0y5NlKJ/K6W9fHq7.HkH9n.AWe', timestamp '2025-12-20 12:00:00' - interval '27 hours', timestamp '2025-12-20 12:00:00' - interval '3 hours') ON CONFLICT DO NOTHING;
INSERT INTO juror_period_auth (juror_id, period_id, pin_hash, final_submitted_at, last_seen_at) VALUES ('ff458a22-0a8c-4701-a835-da94b83a3b0f', '952dd05e-8ff2-44a7-a13b-9a22958f57fb', '$2a$06$D1E3X/QGg9sM4W0.A3vQG.n9v6p0y5NlKJ/K6W9fHq7.HkH9n.AWe', timestamp '2025-12-20 12:00:00' - interval '26 hours', timestamp '2025-12-20 12:00:00' - interval '3 hours') ON CONFLICT DO NOTHING;
INSERT INTO juror_period_auth (juror_id, period_id, pin_hash, final_submitted_at, last_seen_at) VALUES ('b43a5dc5-d587-4940-a4ab-7d8a7ed44387', '952dd05e-8ff2-44a7-a13b-9a22958f57fb', '$2a$06$D1E3X/QGg9sM4W0.A3vQG.n9v6p0y5NlKJ/K6W9fHq7.HkH9n.AWe', timestamp '2025-12-20 12:00:00' - interval '16 hours', timestamp '2025-12-20 12:00:00' - interval '10 hours') ON CONFLICT DO NOTHING;
INSERT INTO juror_period_auth (juror_id, period_id, pin_hash, final_submitted_at, last_seen_at) VALUES ('72184d7d-905d-4a13-a136-8ff90c2cc349', '952dd05e-8ff2-44a7-a13b-9a22958f57fb', '$2a$06$D1E3X/QGg9sM4W0.A3vQG.n9v6p0y5NlKJ/K6W9fHq7.HkH9n.AWe', timestamp '2025-12-20 12:00:00' - interval '41 hours', timestamp '2025-12-20 12:00:00' - interval '12 hours') ON CONFLICT DO NOTHING;
INSERT INTO juror_period_auth (juror_id, period_id, pin_hash, final_submitted_at, last_seen_at) VALUES ('d061174f-dbec-4d68-a56d-ce41cdc205a6', '952dd05e-8ff2-44a7-a13b-9a22958f57fb', '$2a$06$D1E3X/QGg9sM4W0.A3vQG.n9v6p0y5NlKJ/K6W9fHq7.HkH9n.AWe', timestamp '2025-12-20 12:00:00' - interval '20 hours', timestamp '2025-12-20 12:00:00' - interval '5 hours') ON CONFLICT DO NOTHING;
INSERT INTO juror_period_auth (juror_id, period_id, pin_hash, final_submitted_at, last_seen_at) VALUES ('aaa0da50-6432-47e0-ab48-b01ca823ef19', 'e55e0820-93f2-487f-abaa-4ae64a77e93e', '$2a$06$D1E3X/QGg9sM4W0.A3vQG.n9v6p0y5NlKJ/K6W9fHq7.HkH9n.AWe', timestamp '2025-06-15 12:00:00' - interval '40 hours', timestamp '2025-06-15 12:00:00' - interval '5 hours') ON CONFLICT DO NOTHING;
INSERT INTO juror_period_auth (juror_id, period_id, pin_hash, final_submitted_at, last_seen_at) VALUES ('9a21397b-552a-4b00-a5c4-15a0982436b1', 'e55e0820-93f2-487f-abaa-4ae64a77e93e', '$2a$06$D1E3X/QGg9sM4W0.A3vQG.n9v6p0y5NlKJ/K6W9fHq7.HkH9n.AWe', timestamp '2025-06-15 12:00:00' - interval '1 hours', timestamp '2025-06-15 12:00:00' - interval '9 hours') ON CONFLICT DO NOTHING;
INSERT INTO juror_period_auth (juror_id, period_id, pin_hash, final_submitted_at, last_seen_at) VALUES ('7d1bbec7-493f-4e1a-aee5-be30df51db49', 'e55e0820-93f2-487f-abaa-4ae64a77e93e', '$2a$06$D1E3X/QGg9sM4W0.A3vQG.n9v6p0y5NlKJ/K6W9fHq7.HkH9n.AWe', timestamp '2025-06-15 12:00:00' - interval '37 hours', timestamp '2025-06-15 12:00:00' - interval '4 hours') ON CONFLICT DO NOTHING;
INSERT INTO juror_period_auth (juror_id, period_id, pin_hash, final_submitted_at, last_seen_at) VALUES ('868057b9-f2e0-4db1-a4e9-e258d25f84e1', 'e55e0820-93f2-487f-abaa-4ae64a77e93e', '$2a$06$D1E3X/QGg9sM4W0.A3vQG.n9v6p0y5NlKJ/K6W9fHq7.HkH9n.AWe', timestamp '2025-06-15 12:00:00' - interval '11 hours', timestamp '2025-06-15 12:00:00' - interval '5 hours') ON CONFLICT DO NOTHING;
INSERT INTO juror_period_auth (juror_id, period_id, pin_hash, final_submitted_at, last_seen_at) VALUES ('52a3f7a0-46fb-4596-ac3c-1db9f7ec0db2', 'e55e0820-93f2-487f-abaa-4ae64a77e93e', '$2a$06$D1E3X/QGg9sM4W0.A3vQG.n9v6p0y5NlKJ/K6W9fHq7.HkH9n.AWe', timestamp '2025-06-15 12:00:00' - interval '12 hours', timestamp '2025-06-15 12:00:00' - interval '3 hours') ON CONFLICT DO NOTHING;
INSERT INTO juror_period_auth (juror_id, period_id, pin_hash, final_submitted_at, last_seen_at) VALUES ('56948fec-ce3d-493b-afc4-4e281e9b8f58', 'e55e0820-93f2-487f-abaa-4ae64a77e93e', '$2a$06$D1E3X/QGg9sM4W0.A3vQG.n9v6p0y5NlKJ/K6W9fHq7.HkH9n.AWe', timestamp '2025-06-15 12:00:00' - interval '41 hours', timestamp '2025-06-15 12:00:00' - interval '1 hours') ON CONFLICT DO NOTHING;
INSERT INTO juror_period_auth (juror_id, period_id, pin_hash, final_submitted_at, last_seen_at) VALUES ('ff458a22-0a8c-4701-a835-da94b83a3b0f', 'e55e0820-93f2-487f-abaa-4ae64a77e93e', '$2a$06$D1E3X/QGg9sM4W0.A3vQG.n9v6p0y5NlKJ/K6W9fHq7.HkH9n.AWe', timestamp '2025-06-15 12:00:00' - interval '37 hours', timestamp '2025-06-15 12:00:00' - interval '4 hours') ON CONFLICT DO NOTHING;
INSERT INTO juror_period_auth (juror_id, period_id, pin_hash, final_submitted_at, last_seen_at) VALUES ('b43a5dc5-d587-4940-a4ab-7d8a7ed44387', 'e55e0820-93f2-487f-abaa-4ae64a77e93e', '$2a$06$D1E3X/QGg9sM4W0.A3vQG.n9v6p0y5NlKJ/K6W9fHq7.HkH9n.AWe', timestamp '2025-06-15 12:00:00' - interval '4 hours', timestamp '2025-06-15 12:00:00' - interval '1 hours') ON CONFLICT DO NOTHING;
INSERT INTO juror_period_auth (juror_id, period_id, pin_hash, final_submitted_at, last_seen_at) VALUES ('72184d7d-905d-4a13-a136-8ff90c2cc349', 'e55e0820-93f2-487f-abaa-4ae64a77e93e', '$2a$06$D1E3X/QGg9sM4W0.A3vQG.n9v6p0y5NlKJ/K6W9fHq7.HkH9n.AWe', timestamp '2025-06-15 12:00:00' - interval '27 hours', timestamp '2025-06-15 12:00:00' - interval '4 hours') ON CONFLICT DO NOTHING;
INSERT INTO juror_period_auth (juror_id, period_id, pin_hash, final_submitted_at, last_seen_at) VALUES ('d061174f-dbec-4d68-a56d-ce41cdc205a6', 'e55e0820-93f2-487f-abaa-4ae64a77e93e', '$2a$06$D1E3X/QGg9sM4W0.A3vQG.n9v6p0y5NlKJ/K6W9fHq7.HkH9n.AWe', timestamp '2025-06-15 12:00:00' - interval '16 hours', timestamp '2025-06-15 12:00:00' - interval '1 hours') ON CONFLICT DO NOTHING;
INSERT INTO juror_period_auth (juror_id, period_id, pin_hash, final_submitted_at, last_seen_at) VALUES ('aaa0da50-6432-47e0-ab48-b01ca823ef19', '10078594-2707-4c3f-a212-42add04fbd84', '$2a$06$D1E3X/QGg9sM4W0.A3vQG.n9v6p0y5NlKJ/K6W9fHq7.HkH9n.AWe', timestamp '2025-01-15 12:00:00' - interval '27 hours', timestamp '2025-01-15 12:00:00' - interval '12 hours') ON CONFLICT DO NOTHING;
INSERT INTO juror_period_auth (juror_id, period_id, pin_hash, final_submitted_at, last_seen_at) VALUES ('9a21397b-552a-4b00-a5c4-15a0982436b1', '10078594-2707-4c3f-a212-42add04fbd84', '$2a$06$D1E3X/QGg9sM4W0.A3vQG.n9v6p0y5NlKJ/K6W9fHq7.HkH9n.AWe', timestamp '2025-01-15 12:00:00' - interval '15 hours', timestamp '2025-01-15 12:00:00' - interval '8 hours') ON CONFLICT DO NOTHING;
INSERT INTO juror_period_auth (juror_id, period_id, pin_hash, final_submitted_at, last_seen_at) VALUES ('7d1bbec7-493f-4e1a-aee5-be30df51db49', '10078594-2707-4c3f-a212-42add04fbd84', '$2a$06$D1E3X/QGg9sM4W0.A3vQG.n9v6p0y5NlKJ/K6W9fHq7.HkH9n.AWe', timestamp '2025-01-15 12:00:00' - interval '48 hours', timestamp '2025-01-15 12:00:00' - interval '1 hours') ON CONFLICT DO NOTHING;
INSERT INTO juror_period_auth (juror_id, period_id, pin_hash, final_submitted_at, last_seen_at) VALUES ('868057b9-f2e0-4db1-a4e9-e258d25f84e1', '10078594-2707-4c3f-a212-42add04fbd84', '$2a$06$D1E3X/QGg9sM4W0.A3vQG.n9v6p0y5NlKJ/K6W9fHq7.HkH9n.AWe', timestamp '2025-01-15 12:00:00' - interval '19 hours', timestamp '2025-01-15 12:00:00' - interval '1 hours') ON CONFLICT DO NOTHING;
INSERT INTO juror_period_auth (juror_id, period_id, pin_hash, final_submitted_at, last_seen_at) VALUES ('52a3f7a0-46fb-4596-ac3c-1db9f7ec0db2', '10078594-2707-4c3f-a212-42add04fbd84', '$2a$06$D1E3X/QGg9sM4W0.A3vQG.n9v6p0y5NlKJ/K6W9fHq7.HkH9n.AWe', timestamp '2025-01-15 12:00:00' - interval '28 hours', timestamp '2025-01-15 12:00:00' - interval '9 hours') ON CONFLICT DO NOTHING;
INSERT INTO juror_period_auth (juror_id, period_id, pin_hash, final_submitted_at, last_seen_at) VALUES ('56948fec-ce3d-493b-afc4-4e281e9b8f58', '10078594-2707-4c3f-a212-42add04fbd84', '$2a$06$D1E3X/QGg9sM4W0.A3vQG.n9v6p0y5NlKJ/K6W9fHq7.HkH9n.AWe', timestamp '2025-01-15 12:00:00' - interval '9 hours', timestamp '2025-01-15 12:00:00' - interval '6 hours') ON CONFLICT DO NOTHING;
INSERT INTO juror_period_auth (juror_id, period_id, pin_hash, final_submitted_at, last_seen_at) VALUES ('ff458a22-0a8c-4701-a835-da94b83a3b0f', '10078594-2707-4c3f-a212-42add04fbd84', '$2a$06$D1E3X/QGg9sM4W0.A3vQG.n9v6p0y5NlKJ/K6W9fHq7.HkH9n.AWe', timestamp '2025-01-15 12:00:00' - interval '41 hours', timestamp '2025-01-15 12:00:00' - interval '2 hours') ON CONFLICT DO NOTHING;
INSERT INTO juror_period_auth (juror_id, period_id, pin_hash, final_submitted_at, last_seen_at) VALUES ('b43a5dc5-d587-4940-a4ab-7d8a7ed44387', '10078594-2707-4c3f-a212-42add04fbd84', '$2a$06$D1E3X/QGg9sM4W0.A3vQG.n9v6p0y5NlKJ/K6W9fHq7.HkH9n.AWe', timestamp '2025-01-15 12:00:00' - interval '44 hours', timestamp '2025-01-15 12:00:00' - interval '12 hours') ON CONFLICT DO NOTHING;
INSERT INTO juror_period_auth (juror_id, period_id, pin_hash, final_submitted_at, last_seen_at) VALUES ('72184d7d-905d-4a13-a136-8ff90c2cc349', '10078594-2707-4c3f-a212-42add04fbd84', '$2a$06$D1E3X/QGg9sM4W0.A3vQG.n9v6p0y5NlKJ/K6W9fHq7.HkH9n.AWe', timestamp '2025-01-15 12:00:00' - interval '42 hours', timestamp '2025-01-15 12:00:00' - interval '3 hours') ON CONFLICT DO NOTHING;
INSERT INTO juror_period_auth (juror_id, period_id, pin_hash, final_submitted_at, last_seen_at) VALUES ('d061174f-dbec-4d68-a56d-ce41cdc205a6', '10078594-2707-4c3f-a212-42add04fbd84', '$2a$06$D1E3X/QGg9sM4W0.A3vQG.n9v6p0y5NlKJ/K6W9fHq7.HkH9n.AWe', timestamp '2025-01-15 12:00:00' - interval '39 hours', timestamp '2025-01-15 12:00:00' - interval '5 hours') ON CONFLICT DO NOTHING;
INSERT INTO juror_period_auth (juror_id, period_id, pin_hash, last_seen_at) VALUES ('47dcf645-bcf8-407e-a86e-f0e506495726', 'e14683dc-6ac1-4c73-a2cb-da24e9e4f45f', '$2a$06$D1E3X/QGg9sM4W0.A3vQG.n9v6p0y5NlKJ/K6W9fHq7.HkH9n.AWe', timestamp '2026-06-15 12:00:00' - interval '4 hours') ON CONFLICT DO NOTHING;
INSERT INTO juror_period_auth (juror_id, period_id, pin_hash, final_submitted_at, last_seen_at) VALUES ('44e14170-d567-4ad4-a771-cd269d538a2f', 'e14683dc-6ac1-4c73-a2cb-da24e9e4f45f', '$2a$06$D1E3X/QGg9sM4W0.A3vQG.n9v6p0y5NlKJ/K6W9fHq7.HkH9n.AWe', timestamp '2026-06-15 12:00:00' - interval '42 hours', timestamp '2026-06-15 12:00:00' - interval '3 hours') ON CONFLICT DO NOTHING;
INSERT INTO juror_period_auth (juror_id, period_id, pin_hash, final_submitted_at, last_seen_at) VALUES ('c8a52987-c3a6-4368-a31c-a2f6566399f1', 'e14683dc-6ac1-4c73-a2cb-da24e9e4f45f', '$2a$06$D1E3X/QGg9sM4W0.A3vQG.n9v6p0y5NlKJ/K6W9fHq7.HkH9n.AWe', timestamp '2026-06-15 12:00:00' - interval '36 hours', timestamp '2026-06-15 12:00:00' - interval '11 hours') ON CONFLICT DO NOTHING;
INSERT INTO juror_period_auth (juror_id, period_id, pin_hash, final_submitted_at, last_seen_at) VALUES ('cdfec676-c0dc-4c35-a5d8-79ba609e397d', 'e14683dc-6ac1-4c73-a2cb-da24e9e4f45f', '$2a$06$D1E3X/QGg9sM4W0.A3vQG.n9v6p0y5NlKJ/K6W9fHq7.HkH9n.AWe', timestamp '2026-06-15 12:00:00' - interval '17 hours', timestamp '2026-06-15 12:00:00' - interval '10 hours') ON CONFLICT DO NOTHING;
INSERT INTO juror_period_auth (juror_id, period_id, pin_hash, last_seen_at) VALUES ('405cb976-b946-4594-a572-1bdaaa5fd5c3', 'e14683dc-6ac1-4c73-a2cb-da24e9e4f45f', '$2a$06$D1E3X/QGg9sM4W0.A3vQG.n9v6p0y5NlKJ/K6W9fHq7.HkH9n.AWe', timestamp '2026-06-15 12:00:00' - interval '11 hours') ON CONFLICT DO NOTHING;
INSERT INTO juror_period_auth (juror_id, period_id, pin_hash, final_submitted_at, edit_enabled, edit_reason, edit_expires_at, last_seen_at) VALUES ('4880a479-e7ba-47bd-a66d-7b889755d7c0', 'e14683dc-6ac1-4c73-a2cb-da24e9e4f45f', '$2a$06$D1E3X/QGg9sM4W0.A3vQG.n9v6p0y5NlKJ/K6W9fHq7.HkH9n.AWe', timestamp '2026-06-15 12:00:00' - interval '21 hours', true, 'Score correction requested by department chair', timestamp '2026-06-15 12:00:00' + interval '24 hours', timestamp '2026-06-15 12:00:00' - interval '3 hours') ON CONFLICT DO NOTHING;
INSERT INTO juror_period_auth (juror_id, period_id, pin_hash) VALUES ('a6f1a5dd-ae98-4726-adf3-512181d2e08f', 'e14683dc-6ac1-4c73-a2cb-da24e9e4f45f', '$2a$06$D1E3X/QGg9sM4W0.A3vQG.n9v6p0y5NlKJ/K6W9fHq7.HkH9n.AWe') ON CONFLICT DO NOTHING;
INSERT INTO juror_period_auth (juror_id, period_id, pin_hash, final_submitted_at, last_seen_at) VALUES ('47dcf645-bcf8-407e-a86e-f0e506495726', 'b90e1112-88c7-44fa-a275-25bc0ad2d96d', '$2a$06$D1E3X/QGg9sM4W0.A3vQG.n9v6p0y5NlKJ/K6W9fHq7.HkH9n.AWe', timestamp '2025-12-20 12:00:00' - interval '33 hours', timestamp '2025-12-20 12:00:00' - interval '10 hours') ON CONFLICT DO NOTHING;
INSERT INTO juror_period_auth (juror_id, period_id, pin_hash, final_submitted_at, last_seen_at) VALUES ('44e14170-d567-4ad4-a771-cd269d538a2f', 'b90e1112-88c7-44fa-a275-25bc0ad2d96d', '$2a$06$D1E3X/QGg9sM4W0.A3vQG.n9v6p0y5NlKJ/K6W9fHq7.HkH9n.AWe', timestamp '2025-12-20 12:00:00' - interval '18 hours', timestamp '2025-12-20 12:00:00' - interval '6 hours') ON CONFLICT DO NOTHING;
INSERT INTO juror_period_auth (juror_id, period_id, pin_hash, final_submitted_at, last_seen_at) VALUES ('c8a52987-c3a6-4368-a31c-a2f6566399f1', 'b90e1112-88c7-44fa-a275-25bc0ad2d96d', '$2a$06$D1E3X/QGg9sM4W0.A3vQG.n9v6p0y5NlKJ/K6W9fHq7.HkH9n.AWe', timestamp '2025-12-20 12:00:00' - interval '21 hours', timestamp '2025-12-20 12:00:00' - interval '9 hours') ON CONFLICT DO NOTHING;
INSERT INTO juror_period_auth (juror_id, period_id, pin_hash, final_submitted_at, last_seen_at) VALUES ('cdfec676-c0dc-4c35-a5d8-79ba609e397d', 'b90e1112-88c7-44fa-a275-25bc0ad2d96d', '$2a$06$D1E3X/QGg9sM4W0.A3vQG.n9v6p0y5NlKJ/K6W9fHq7.HkH9n.AWe', timestamp '2025-12-20 12:00:00' - interval '34 hours', timestamp '2025-12-20 12:00:00' - interval '8 hours') ON CONFLICT DO NOTHING;
INSERT INTO juror_period_auth (juror_id, period_id, pin_hash, final_submitted_at, last_seen_at) VALUES ('405cb976-b946-4594-a572-1bdaaa5fd5c3', 'b90e1112-88c7-44fa-a275-25bc0ad2d96d', '$2a$06$D1E3X/QGg9sM4W0.A3vQG.n9v6p0y5NlKJ/K6W9fHq7.HkH9n.AWe', timestamp '2025-12-20 12:00:00' - interval '45 hours', timestamp '2025-12-20 12:00:00' - interval '2 hours') ON CONFLICT DO NOTHING;
INSERT INTO juror_period_auth (juror_id, period_id, pin_hash, final_submitted_at, last_seen_at) VALUES ('4880a479-e7ba-47bd-a66d-7b889755d7c0', 'b90e1112-88c7-44fa-a275-25bc0ad2d96d', '$2a$06$D1E3X/QGg9sM4W0.A3vQG.n9v6p0y5NlKJ/K6W9fHq7.HkH9n.AWe', timestamp '2025-12-20 12:00:00' - interval '39 hours', timestamp '2025-12-20 12:00:00' - interval '5 hours') ON CONFLICT DO NOTHING;
INSERT INTO juror_period_auth (juror_id, period_id, pin_hash, final_submitted_at, last_seen_at) VALUES ('a6f1a5dd-ae98-4726-adf3-512181d2e08f', 'b90e1112-88c7-44fa-a275-25bc0ad2d96d', '$2a$06$D1E3X/QGg9sM4W0.A3vQG.n9v6p0y5NlKJ/K6W9fHq7.HkH9n.AWe', timestamp '2025-12-20 12:00:00' - interval '10 hours', timestamp '2025-12-20 12:00:00' - interval '10 hours') ON CONFLICT DO NOTHING;
INSERT INTO juror_period_auth (juror_id, period_id, pin_hash, final_submitted_at, last_seen_at) VALUES ('47dcf645-bcf8-407e-a86e-f0e506495726', '0e963024-a53f-4722-a9e0-5db7a47b4419', '$2a$06$D1E3X/QGg9sM4W0.A3vQG.n9v6p0y5NlKJ/K6W9fHq7.HkH9n.AWe', timestamp '2025-06-15 12:00:00' - interval '37 hours', timestamp '2025-06-15 12:00:00' - interval '7 hours') ON CONFLICT DO NOTHING;
INSERT INTO juror_period_auth (juror_id, period_id, pin_hash, final_submitted_at, last_seen_at) VALUES ('44e14170-d567-4ad4-a771-cd269d538a2f', '0e963024-a53f-4722-a9e0-5db7a47b4419', '$2a$06$D1E3X/QGg9sM4W0.A3vQG.n9v6p0y5NlKJ/K6W9fHq7.HkH9n.AWe', timestamp '2025-06-15 12:00:00' - interval '46 hours', timestamp '2025-06-15 12:00:00' - interval '5 hours') ON CONFLICT DO NOTHING;
INSERT INTO juror_period_auth (juror_id, period_id, pin_hash, final_submitted_at, last_seen_at) VALUES ('c8a52987-c3a6-4368-a31c-a2f6566399f1', '0e963024-a53f-4722-a9e0-5db7a47b4419', '$2a$06$D1E3X/QGg9sM4W0.A3vQG.n9v6p0y5NlKJ/K6W9fHq7.HkH9n.AWe', timestamp '2025-06-15 12:00:00' - interval '33 hours', timestamp '2025-06-15 12:00:00' - interval '3 hours') ON CONFLICT DO NOTHING;
INSERT INTO juror_period_auth (juror_id, period_id, pin_hash, final_submitted_at, last_seen_at) VALUES ('cdfec676-c0dc-4c35-a5d8-79ba609e397d', '0e963024-a53f-4722-a9e0-5db7a47b4419', '$2a$06$D1E3X/QGg9sM4W0.A3vQG.n9v6p0y5NlKJ/K6W9fHq7.HkH9n.AWe', timestamp '2025-06-15 12:00:00' - interval '19 hours', timestamp '2025-06-15 12:00:00' - interval '7 hours') ON CONFLICT DO NOTHING;
INSERT INTO juror_period_auth (juror_id, period_id, pin_hash, final_submitted_at, last_seen_at) VALUES ('405cb976-b946-4594-a572-1bdaaa5fd5c3', '0e963024-a53f-4722-a9e0-5db7a47b4419', '$2a$06$D1E3X/QGg9sM4W0.A3vQG.n9v6p0y5NlKJ/K6W9fHq7.HkH9n.AWe', timestamp '2025-06-15 12:00:00' - interval '34 hours', timestamp '2025-06-15 12:00:00' - interval '10 hours') ON CONFLICT DO NOTHING;
INSERT INTO juror_period_auth (juror_id, period_id, pin_hash, final_submitted_at, last_seen_at) VALUES ('4880a479-e7ba-47bd-a66d-7b889755d7c0', '0e963024-a53f-4722-a9e0-5db7a47b4419', '$2a$06$D1E3X/QGg9sM4W0.A3vQG.n9v6p0y5NlKJ/K6W9fHq7.HkH9n.AWe', timestamp '2025-06-15 12:00:00' - interval '11 hours', timestamp '2025-06-15 12:00:00' - interval '10 hours') ON CONFLICT DO NOTHING;
INSERT INTO juror_period_auth (juror_id, period_id, pin_hash, final_submitted_at, last_seen_at) VALUES ('a6f1a5dd-ae98-4726-adf3-512181d2e08f', '0e963024-a53f-4722-a9e0-5db7a47b4419', '$2a$06$D1E3X/QGg9sM4W0.A3vQG.n9v6p0y5NlKJ/K6W9fHq7.HkH9n.AWe', timestamp '2025-06-15 12:00:00' - interval '9 hours', timestamp '2025-06-15 12:00:00' - interval '8 hours') ON CONFLICT DO NOTHING;
INSERT INTO juror_period_auth (juror_id, period_id, pin_hash, final_submitted_at, last_seen_at) VALUES ('47dcf645-bcf8-407e-a86e-f0e506495726', 'f8c01197-da4a-4646-a42d-8dc74715e3bc', '$2a$06$D1E3X/QGg9sM4W0.A3vQG.n9v6p0y5NlKJ/K6W9fHq7.HkH9n.AWe', timestamp '2025-01-15 12:00:00' - interval '45 hours', timestamp '2025-01-15 12:00:00' - interval '4 hours') ON CONFLICT DO NOTHING;
INSERT INTO juror_period_auth (juror_id, period_id, pin_hash, final_submitted_at, last_seen_at) VALUES ('44e14170-d567-4ad4-a771-cd269d538a2f', 'f8c01197-da4a-4646-a42d-8dc74715e3bc', '$2a$06$D1E3X/QGg9sM4W0.A3vQG.n9v6p0y5NlKJ/K6W9fHq7.HkH9n.AWe', timestamp '2025-01-15 12:00:00' - interval '29 hours', timestamp '2025-01-15 12:00:00' - interval '8 hours') ON CONFLICT DO NOTHING;
INSERT INTO juror_period_auth (juror_id, period_id, pin_hash, final_submitted_at, last_seen_at) VALUES ('c8a52987-c3a6-4368-a31c-a2f6566399f1', 'f8c01197-da4a-4646-a42d-8dc74715e3bc', '$2a$06$D1E3X/QGg9sM4W0.A3vQG.n9v6p0y5NlKJ/K6W9fHq7.HkH9n.AWe', timestamp '2025-01-15 12:00:00' - interval '18 hours', timestamp '2025-01-15 12:00:00' - interval '1 hours') ON CONFLICT DO NOTHING;
INSERT INTO juror_period_auth (juror_id, period_id, pin_hash, final_submitted_at, last_seen_at) VALUES ('cdfec676-c0dc-4c35-a5d8-79ba609e397d', 'f8c01197-da4a-4646-a42d-8dc74715e3bc', '$2a$06$D1E3X/QGg9sM4W0.A3vQG.n9v6p0y5NlKJ/K6W9fHq7.HkH9n.AWe', timestamp '2025-01-15 12:00:00' - interval '40 hours', timestamp '2025-01-15 12:00:00' - interval '4 hours') ON CONFLICT DO NOTHING;
INSERT INTO juror_period_auth (juror_id, period_id, pin_hash, final_submitted_at, last_seen_at) VALUES ('405cb976-b946-4594-a572-1bdaaa5fd5c3', 'f8c01197-da4a-4646-a42d-8dc74715e3bc', '$2a$06$D1E3X/QGg9sM4W0.A3vQG.n9v6p0y5NlKJ/K6W9fHq7.HkH9n.AWe', timestamp '2025-01-15 12:00:00' - interval '19 hours', timestamp '2025-01-15 12:00:00' - interval '11 hours') ON CONFLICT DO NOTHING;
INSERT INTO juror_period_auth (juror_id, period_id, pin_hash, final_submitted_at, last_seen_at) VALUES ('4880a479-e7ba-47bd-a66d-7b889755d7c0', 'f8c01197-da4a-4646-a42d-8dc74715e3bc', '$2a$06$D1E3X/QGg9sM4W0.A3vQG.n9v6p0y5NlKJ/K6W9fHq7.HkH9n.AWe', timestamp '2025-01-15 12:00:00' - interval '22 hours', timestamp '2025-01-15 12:00:00' - interval '12 hours') ON CONFLICT DO NOTHING;
INSERT INTO juror_period_auth (juror_id, period_id, pin_hash, final_submitted_at, last_seen_at) VALUES ('a6f1a5dd-ae98-4726-adf3-512181d2e08f', 'f8c01197-da4a-4646-a42d-8dc74715e3bc', '$2a$06$D1E3X/QGg9sM4W0.A3vQG.n9v6p0y5NlKJ/K6W9fHq7.HkH9n.AWe', timestamp '2025-01-15 12:00:00' - interval '39 hours', timestamp '2025-01-15 12:00:00' - interval '7 hours') ON CONFLICT DO NOTHING;
INSERT INTO juror_period_auth (juror_id, period_id, pin_hash) VALUES ('cec22180-51e9-4924-a2d0-6bca4aeb0028', 'e77bf882-fc32-461c-acab-6ee1696df0c7', '$2a$06$D1E3X/QGg9sM4W0.A3vQG.n9v6p0y5NlKJ/K6W9fHq7.HkH9n.AWe') ON CONFLICT DO NOTHING;
INSERT INTO juror_period_auth (juror_id, period_id, pin_hash, final_submitted_at, edit_enabled, edit_reason, edit_expires_at, last_seen_at) VALUES ('27eea0b5-10e7-42eb-a739-4082ace54aa0', 'e77bf882-fc32-461c-acab-6ee1696df0c7', '$2a$06$D1E3X/QGg9sM4W0.A3vQG.n9v6p0y5NlKJ/K6W9fHq7.HkH9n.AWe', timestamp '2026-08-15 12:00:00' - interval '2 hours', true, 'Score correction requested by department chair', timestamp '2026-08-15 12:00:00' + interval '24 hours', timestamp '2026-08-15 12:00:00' - interval '12 hours') ON CONFLICT DO NOTHING;
INSERT INTO juror_period_auth (juror_id, period_id, pin_hash, final_submitted_at, last_seen_at) VALUES ('618aec67-dbed-41bf-ac48-c600f70c9fa5', 'e77bf882-fc32-461c-acab-6ee1696df0c7', '$2a$06$D1E3X/QGg9sM4W0.A3vQG.n9v6p0y5NlKJ/K6W9fHq7.HkH9n.AWe', timestamp '2026-08-15 12:00:00' - interval '8 hours', timestamp '2026-08-15 12:00:00' - interval '8 hours') ON CONFLICT DO NOTHING;
INSERT INTO juror_period_auth (juror_id, period_id, pin_hash, final_submitted_at, last_seen_at) VALUES ('8a98e32c-a076-407a-a0c5-18badfbd546d', 'e77bf882-fc32-461c-acab-6ee1696df0c7', '$2a$06$D1E3X/QGg9sM4W0.A3vQG.n9v6p0y5NlKJ/K6W9fHq7.HkH9n.AWe', timestamp '2026-08-15 12:00:00' - interval '36 hours', timestamp '2026-08-15 12:00:00' - interval '2 hours') ON CONFLICT DO NOTHING;
INSERT INTO juror_period_auth (juror_id, period_id, pin_hash, last_seen_at) VALUES ('e4550b83-b849-4977-a7b0-dc011fad64f5', 'e77bf882-fc32-461c-acab-6ee1696df0c7', '$2a$06$D1E3X/QGg9sM4W0.A3vQG.n9v6p0y5NlKJ/K6W9fHq7.HkH9n.AWe', timestamp '2026-08-15 12:00:00' - interval '11 hours') ON CONFLICT DO NOTHING;
INSERT INTO juror_period_auth (juror_id, period_id, pin_hash, last_seen_at) VALUES ('5da6e3f5-d18d-4b7d-a22f-0a5f380c0775', 'e77bf882-fc32-461c-acab-6ee1696df0c7', '$2a$06$D1E3X/QGg9sM4W0.A3vQG.n9v6p0y5NlKJ/K6W9fHq7.HkH9n.AWe', timestamp '2026-08-15 12:00:00' - interval '12 hours') ON CONFLICT DO NOTHING;
INSERT INTO juror_period_auth (juror_id, period_id, pin_hash, final_submitted_at, last_seen_at) VALUES ('cec22180-51e9-4924-a2d0-6bca4aeb0028', '308d2708-dbea-41b6-a1c8-da6129445759', '$2a$06$D1E3X/QGg9sM4W0.A3vQG.n9v6p0y5NlKJ/K6W9fHq7.HkH9n.AWe', timestamp '2025-08-15 12:00:00' - interval '17 hours', timestamp '2025-08-15 12:00:00' - interval '5 hours') ON CONFLICT DO NOTHING;
INSERT INTO juror_period_auth (juror_id, period_id, pin_hash, final_submitted_at, last_seen_at) VALUES ('27eea0b5-10e7-42eb-a739-4082ace54aa0', '308d2708-dbea-41b6-a1c8-da6129445759', '$2a$06$D1E3X/QGg9sM4W0.A3vQG.n9v6p0y5NlKJ/K6W9fHq7.HkH9n.AWe', timestamp '2025-08-15 12:00:00' - interval '40 hours', timestamp '2025-08-15 12:00:00' - interval '8 hours') ON CONFLICT DO NOTHING;
INSERT INTO juror_period_auth (juror_id, period_id, pin_hash, final_submitted_at, last_seen_at) VALUES ('618aec67-dbed-41bf-ac48-c600f70c9fa5', '308d2708-dbea-41b6-a1c8-da6129445759', '$2a$06$D1E3X/QGg9sM4W0.A3vQG.n9v6p0y5NlKJ/K6W9fHq7.HkH9n.AWe', timestamp '2025-08-15 12:00:00' - interval '9 hours', timestamp '2025-08-15 12:00:00' - interval '6 hours') ON CONFLICT DO NOTHING;
INSERT INTO juror_period_auth (juror_id, period_id, pin_hash, final_submitted_at, last_seen_at) VALUES ('8a98e32c-a076-407a-a0c5-18badfbd546d', '308d2708-dbea-41b6-a1c8-da6129445759', '$2a$06$D1E3X/QGg9sM4W0.A3vQG.n9v6p0y5NlKJ/K6W9fHq7.HkH9n.AWe', timestamp '2025-08-15 12:00:00' - interval '28 hours', timestamp '2025-08-15 12:00:00' - interval '7 hours') ON CONFLICT DO NOTHING;
INSERT INTO juror_period_auth (juror_id, period_id, pin_hash, final_submitted_at, last_seen_at) VALUES ('e4550b83-b849-4977-a7b0-dc011fad64f5', '308d2708-dbea-41b6-a1c8-da6129445759', '$2a$06$D1E3X/QGg9sM4W0.A3vQG.n9v6p0y5NlKJ/K6W9fHq7.HkH9n.AWe', timestamp '2025-08-15 12:00:00' - interval '13 hours', timestamp '2025-08-15 12:00:00' - interval '4 hours') ON CONFLICT DO NOTHING;
INSERT INTO juror_period_auth (juror_id, period_id, pin_hash, final_submitted_at, last_seen_at) VALUES ('5da6e3f5-d18d-4b7d-a22f-0a5f380c0775', '308d2708-dbea-41b6-a1c8-da6129445759', '$2a$06$D1E3X/QGg9sM4W0.A3vQG.n9v6p0y5NlKJ/K6W9fHq7.HkH9n.AWe', timestamp '2025-08-15 12:00:00' - interval '36 hours', timestamp '2025-08-15 12:00:00' - interval '1 hours') ON CONFLICT DO NOTHING;
INSERT INTO juror_period_auth (juror_id, period_id, pin_hash, final_submitted_at, last_seen_at) VALUES ('cec22180-51e9-4924-a2d0-6bca4aeb0028', 'bf4ee98f-1fd2-418d-a62d-8cb5b585f293', '$2a$06$D1E3X/QGg9sM4W0.A3vQG.n9v6p0y5NlKJ/K6W9fHq7.HkH9n.AWe', timestamp '2024-08-15 12:00:00' - interval '43 hours', timestamp '2024-08-15 12:00:00' - interval '5 hours') ON CONFLICT DO NOTHING;
INSERT INTO juror_period_auth (juror_id, period_id, pin_hash, final_submitted_at, last_seen_at) VALUES ('27eea0b5-10e7-42eb-a739-4082ace54aa0', 'bf4ee98f-1fd2-418d-a62d-8cb5b585f293', '$2a$06$D1E3X/QGg9sM4W0.A3vQG.n9v6p0y5NlKJ/K6W9fHq7.HkH9n.AWe', timestamp '2024-08-15 12:00:00' - interval '22 hours', timestamp '2024-08-15 12:00:00' - interval '8 hours') ON CONFLICT DO NOTHING;
INSERT INTO juror_period_auth (juror_id, period_id, pin_hash, final_submitted_at, last_seen_at) VALUES ('618aec67-dbed-41bf-ac48-c600f70c9fa5', 'bf4ee98f-1fd2-418d-a62d-8cb5b585f293', '$2a$06$D1E3X/QGg9sM4W0.A3vQG.n9v6p0y5NlKJ/K6W9fHq7.HkH9n.AWe', timestamp '2024-08-15 12:00:00' - interval '35 hours', timestamp '2024-08-15 12:00:00' - interval '9 hours') ON CONFLICT DO NOTHING;
INSERT INTO juror_period_auth (juror_id, period_id, pin_hash, final_submitted_at, last_seen_at) VALUES ('8a98e32c-a076-407a-a0c5-18badfbd546d', 'bf4ee98f-1fd2-418d-a62d-8cb5b585f293', '$2a$06$D1E3X/QGg9sM4W0.A3vQG.n9v6p0y5NlKJ/K6W9fHq7.HkH9n.AWe', timestamp '2024-08-15 12:00:00' - interval '7 hours', timestamp '2024-08-15 12:00:00' - interval '12 hours') ON CONFLICT DO NOTHING;
INSERT INTO juror_period_auth (juror_id, period_id, pin_hash, final_submitted_at, last_seen_at) VALUES ('e4550b83-b849-4977-a7b0-dc011fad64f5', 'bf4ee98f-1fd2-418d-a62d-8cb5b585f293', '$2a$06$D1E3X/QGg9sM4W0.A3vQG.n9v6p0y5NlKJ/K6W9fHq7.HkH9n.AWe', timestamp '2024-08-15 12:00:00' - interval '41 hours', timestamp '2024-08-15 12:00:00' - interval '7 hours') ON CONFLICT DO NOTHING;
INSERT INTO juror_period_auth (juror_id, period_id, pin_hash, final_submitted_at, last_seen_at) VALUES ('5da6e3f5-d18d-4b7d-a22f-0a5f380c0775', 'bf4ee98f-1fd2-418d-a62d-8cb5b585f293', '$2a$06$D1E3X/QGg9sM4W0.A3vQG.n9v6p0y5NlKJ/K6W9fHq7.HkH9n.AWe', timestamp '2024-08-15 12:00:00' - interval '15 hours', timestamp '2024-08-15 12:00:00' - interval '6 hours') ON CONFLICT DO NOTHING;
INSERT INTO juror_period_auth (juror_id, period_id, pin_hash, last_seen_at) VALUES ('a49b6b5e-f40d-48f6-a398-87b85bbff743', '05a1eb4a-d4cf-478b-a52d-578c3d9c22ad', '$2a$06$D1E3X/QGg9sM4W0.A3vQG.n9v6p0y5NlKJ/K6W9fHq7.HkH9n.AWe', timestamp '2026-08-15 12:00:00' - interval '2 hours') ON CONFLICT DO NOTHING;
INSERT INTO juror_period_auth (juror_id, period_id, pin_hash, last_seen_at) VALUES ('9ff6ca95-c216-42cd-a63f-1e58b1756cf2', '05a1eb4a-d4cf-478b-a52d-578c3d9c22ad', '$2a$06$D1E3X/QGg9sM4W0.A3vQG.n9v6p0y5NlKJ/K6W9fHq7.HkH9n.AWe', timestamp '2026-08-15 12:00:00' - interval '5 hours') ON CONFLICT DO NOTHING;
INSERT INTO juror_period_auth (juror_id, period_id, pin_hash, final_submitted_at, edit_enabled, edit_reason, edit_expires_at, last_seen_at) VALUES ('9d55d273-9fd8-4365-a294-404246566892', '05a1eb4a-d4cf-478b-a52d-578c3d9c22ad', '$2a$06$D1E3X/QGg9sM4W0.A3vQG.n9v6p0y5NlKJ/K6W9fHq7.HkH9n.AWe', timestamp '2026-08-15 12:00:00' - interval '2 hours', true, 'Score correction requested by department chair', timestamp '2026-08-15 12:00:00' + interval '24 hours', timestamp '2026-08-15 12:00:00' - interval '2 hours') ON CONFLICT DO NOTHING;
INSERT INTO juror_period_auth (juror_id, period_id, pin_hash, final_submitted_at, last_seen_at) VALUES ('3b0ea27c-c7a3-414a-ab47-db50db3ab838', '05a1eb4a-d4cf-478b-a52d-578c3d9c22ad', '$2a$06$D1E3X/QGg9sM4W0.A3vQG.n9v6p0y5NlKJ/K6W9fHq7.HkH9n.AWe', timestamp '2026-08-15 12:00:00' - interval '48 hours', timestamp '2026-08-15 12:00:00' - interval '9 hours') ON CONFLICT DO NOTHING;
INSERT INTO juror_period_auth (juror_id, period_id, pin_hash) VALUES ('15c5c11f-a19f-48f7-aa39-92872d8a1a00', '05a1eb4a-d4cf-478b-a52d-578c3d9c22ad', '$2a$06$D1E3X/QGg9sM4W0.A3vQG.n9v6p0y5NlKJ/K6W9fHq7.HkH9n.AWe') ON CONFLICT DO NOTHING;
INSERT INTO juror_period_auth (juror_id, period_id, pin_hash, final_submitted_at, last_seen_at) VALUES ('a49b6b5e-f40d-48f6-a398-87b85bbff743', 'bb63166c-d38c-4278-a1e9-5c8b7b081a6c', '$2a$06$D1E3X/QGg9sM4W0.A3vQG.n9v6p0y5NlKJ/K6W9fHq7.HkH9n.AWe', timestamp '2025-08-15 12:00:00' - interval '30 hours', timestamp '2025-08-15 12:00:00' - interval '7 hours') ON CONFLICT DO NOTHING;
INSERT INTO juror_period_auth (juror_id, period_id, pin_hash, final_submitted_at, last_seen_at) VALUES ('9ff6ca95-c216-42cd-a63f-1e58b1756cf2', 'bb63166c-d38c-4278-a1e9-5c8b7b081a6c', '$2a$06$D1E3X/QGg9sM4W0.A3vQG.n9v6p0y5NlKJ/K6W9fHq7.HkH9n.AWe', timestamp '2025-08-15 12:00:00' - interval '21 hours', timestamp '2025-08-15 12:00:00' - interval '6 hours') ON CONFLICT DO NOTHING;
INSERT INTO juror_period_auth (juror_id, period_id, pin_hash, final_submitted_at, last_seen_at) VALUES ('9d55d273-9fd8-4365-a294-404246566892', 'bb63166c-d38c-4278-a1e9-5c8b7b081a6c', '$2a$06$D1E3X/QGg9sM4W0.A3vQG.n9v6p0y5NlKJ/K6W9fHq7.HkH9n.AWe', timestamp '2025-08-15 12:00:00' - interval '17 hours', timestamp '2025-08-15 12:00:00' - interval '1 hours') ON CONFLICT DO NOTHING;
INSERT INTO juror_period_auth (juror_id, period_id, pin_hash, final_submitted_at, last_seen_at) VALUES ('3b0ea27c-c7a3-414a-ab47-db50db3ab838', 'bb63166c-d38c-4278-a1e9-5c8b7b081a6c', '$2a$06$D1E3X/QGg9sM4W0.A3vQG.n9v6p0y5NlKJ/K6W9fHq7.HkH9n.AWe', timestamp '2025-08-15 12:00:00' - interval '16 hours', timestamp '2025-08-15 12:00:00' - interval '12 hours') ON CONFLICT DO NOTHING;
INSERT INTO juror_period_auth (juror_id, period_id, pin_hash, final_submitted_at, last_seen_at) VALUES ('15c5c11f-a19f-48f7-aa39-92872d8a1a00', 'bb63166c-d38c-4278-a1e9-5c8b7b081a6c', '$2a$06$D1E3X/QGg9sM4W0.A3vQG.n9v6p0y5NlKJ/K6W9fHq7.HkH9n.AWe', timestamp '2025-08-15 12:00:00' - interval '29 hours', timestamp '2025-08-15 12:00:00' - interval '7 hours') ON CONFLICT DO NOTHING;
INSERT INTO juror_period_auth (juror_id, period_id, pin_hash, final_submitted_at, last_seen_at) VALUES ('a49b6b5e-f40d-48f6-a398-87b85bbff743', '3f9cabdb-61dc-45da-afa5-dbb1747cd8c8', '$2a$06$D1E3X/QGg9sM4W0.A3vQG.n9v6p0y5NlKJ/K6W9fHq7.HkH9n.AWe', timestamp '2024-08-15 12:00:00' - interval '18 hours', timestamp '2024-08-15 12:00:00' - interval '12 hours') ON CONFLICT DO NOTHING;
INSERT INTO juror_period_auth (juror_id, period_id, pin_hash, final_submitted_at, last_seen_at) VALUES ('9ff6ca95-c216-42cd-a63f-1e58b1756cf2', '3f9cabdb-61dc-45da-afa5-dbb1747cd8c8', '$2a$06$D1E3X/QGg9sM4W0.A3vQG.n9v6p0y5NlKJ/K6W9fHq7.HkH9n.AWe', timestamp '2024-08-15 12:00:00' - interval '41 hours', timestamp '2024-08-15 12:00:00' - interval '5 hours') ON CONFLICT DO NOTHING;
INSERT INTO juror_period_auth (juror_id, period_id, pin_hash, final_submitted_at, last_seen_at) VALUES ('9d55d273-9fd8-4365-a294-404246566892', '3f9cabdb-61dc-45da-afa5-dbb1747cd8c8', '$2a$06$D1E3X/QGg9sM4W0.A3vQG.n9v6p0y5NlKJ/K6W9fHq7.HkH9n.AWe', timestamp '2024-08-15 12:00:00' - interval '44 hours', timestamp '2024-08-15 12:00:00' - interval '11 hours') ON CONFLICT DO NOTHING;
INSERT INTO juror_period_auth (juror_id, period_id, pin_hash, final_submitted_at, last_seen_at) VALUES ('3b0ea27c-c7a3-414a-ab47-db50db3ab838', '3f9cabdb-61dc-45da-afa5-dbb1747cd8c8', '$2a$06$D1E3X/QGg9sM4W0.A3vQG.n9v6p0y5NlKJ/K6W9fHq7.HkH9n.AWe', timestamp '2024-08-15 12:00:00' - interval '19 hours', timestamp '2024-08-15 12:00:00' - interval '10 hours') ON CONFLICT DO NOTHING;
INSERT INTO juror_period_auth (juror_id, period_id, pin_hash, final_submitted_at, last_seen_at) VALUES ('15c5c11f-a19f-48f7-aa39-92872d8a1a00', '3f9cabdb-61dc-45da-afa5-dbb1747cd8c8', '$2a$06$D1E3X/QGg9sM4W0.A3vQG.n9v6p0y5NlKJ/K6W9fHq7.HkH9n.AWe', timestamp '2024-08-15 12:00:00' - interval '6 hours', timestamp '2024-08-15 12:00:00' - interval '10 hours') ON CONFLICT DO NOTHING;
INSERT INTO juror_period_auth (juror_id, period_id, pin_hash) VALUES ('f106ca15-dc12-414f-ac41-0b361db08f95', '6c44b363-4522-4cad-a251-06484b72b164', '$2a$06$D1E3X/QGg9sM4W0.A3vQG.n9v6p0y5NlKJ/K6W9fHq7.HkH9n.AWe') ON CONFLICT DO NOTHING;
INSERT INTO juror_period_auth (juror_id, period_id, pin_hash, final_submitted_at, last_seen_at) VALUES ('2d3b2caa-0358-45c2-a122-c1c17cb9fbc5', '6c44b363-4522-4cad-a251-06484b72b164', '$2a$06$D1E3X/QGg9sM4W0.A3vQG.n9v6p0y5NlKJ/K6W9fHq7.HkH9n.AWe', timestamp '2026-08-15 12:00:00' - interval '46 hours', timestamp '2026-08-15 12:00:00' - interval '5 hours') ON CONFLICT DO NOTHING;
INSERT INTO juror_period_auth (juror_id, period_id, pin_hash, final_submitted_at, edit_enabled, edit_reason, edit_expires_at, last_seen_at) VALUES ('79ef4764-8e84-4a18-ad48-dbd780a5a027', '6c44b363-4522-4cad-a251-06484b72b164', '$2a$06$D1E3X/QGg9sM4W0.A3vQG.n9v6p0y5NlKJ/K6W9fHq7.HkH9n.AWe', timestamp '2026-08-15 12:00:00' - interval '4 hours', true, 'Score correction requested by department chair', timestamp '2026-08-15 12:00:00' + interval '24 hours', timestamp '2026-08-15 12:00:00' - interval '6 hours') ON CONFLICT DO NOTHING;
INSERT INTO juror_period_auth (juror_id, period_id, pin_hash, last_seen_at) VALUES ('a206da8b-457b-4842-ae74-911fb4193bfe', '6c44b363-4522-4cad-a251-06484b72b164', '$2a$06$D1E3X/QGg9sM4W0.A3vQG.n9v6p0y5NlKJ/K6W9fHq7.HkH9n.AWe', timestamp '2026-08-15 12:00:00' - interval '1 hours') ON CONFLICT DO NOTHING;
INSERT INTO juror_period_auth (juror_id, period_id, pin_hash, final_submitted_at, last_seen_at) VALUES ('f106ca15-dc12-414f-ac41-0b361db08f95', '318124ea-8614-4355-ad48-2486524dfc13', '$2a$06$D1E3X/QGg9sM4W0.A3vQG.n9v6p0y5NlKJ/K6W9fHq7.HkH9n.AWe', timestamp '2025-08-15 12:00:00' - interval '48 hours', timestamp '2025-08-15 12:00:00' - interval '7 hours') ON CONFLICT DO NOTHING;
INSERT INTO juror_period_auth (juror_id, period_id, pin_hash, final_submitted_at, last_seen_at) VALUES ('2d3b2caa-0358-45c2-a122-c1c17cb9fbc5', '318124ea-8614-4355-ad48-2486524dfc13', '$2a$06$D1E3X/QGg9sM4W0.A3vQG.n9v6p0y5NlKJ/K6W9fHq7.HkH9n.AWe', timestamp '2025-08-15 12:00:00' - interval '21 hours', timestamp '2025-08-15 12:00:00' - interval '12 hours') ON CONFLICT DO NOTHING;
INSERT INTO juror_period_auth (juror_id, period_id, pin_hash, final_submitted_at, last_seen_at) VALUES ('79ef4764-8e84-4a18-ad48-dbd780a5a027', '318124ea-8614-4355-ad48-2486524dfc13', '$2a$06$D1E3X/QGg9sM4W0.A3vQG.n9v6p0y5NlKJ/K6W9fHq7.HkH9n.AWe', timestamp '2025-08-15 12:00:00' - interval '24 hours', timestamp '2025-08-15 12:00:00' - interval '9 hours') ON CONFLICT DO NOTHING;
INSERT INTO juror_period_auth (juror_id, period_id, pin_hash, final_submitted_at, last_seen_at) VALUES ('a206da8b-457b-4842-ae74-911fb4193bfe', '318124ea-8614-4355-ad48-2486524dfc13', '$2a$06$D1E3X/QGg9sM4W0.A3vQG.n9v6p0y5NlKJ/K6W9fHq7.HkH9n.AWe', timestamp '2025-08-15 12:00:00' - interval '14 hours', timestamp '2025-08-15 12:00:00' - interval '3 hours') ON CONFLICT DO NOTHING;
INSERT INTO juror_period_auth (juror_id, period_id, pin_hash, final_submitted_at, last_seen_at) VALUES ('f106ca15-dc12-414f-ac41-0b361db08f95', 'b7014c23-db5e-4be5-a5d6-d9597e8578cc', '$2a$06$D1E3X/QGg9sM4W0.A3vQG.n9v6p0y5NlKJ/K6W9fHq7.HkH9n.AWe', timestamp '2024-08-15 12:00:00' - interval '34 hours', timestamp '2024-08-15 12:00:00' - interval '11 hours') ON CONFLICT DO NOTHING;
INSERT INTO juror_period_auth (juror_id, period_id, pin_hash, final_submitted_at, last_seen_at) VALUES ('2d3b2caa-0358-45c2-a122-c1c17cb9fbc5', 'b7014c23-db5e-4be5-a5d6-d9597e8578cc', '$2a$06$D1E3X/QGg9sM4W0.A3vQG.n9v6p0y5NlKJ/K6W9fHq7.HkH9n.AWe', timestamp '2024-08-15 12:00:00' - interval '44 hours', timestamp '2024-08-15 12:00:00' - interval '1 hours') ON CONFLICT DO NOTHING;
INSERT INTO juror_period_auth (juror_id, period_id, pin_hash, final_submitted_at, last_seen_at) VALUES ('79ef4764-8e84-4a18-ad48-dbd780a5a027', 'b7014c23-db5e-4be5-a5d6-d9597e8578cc', '$2a$06$D1E3X/QGg9sM4W0.A3vQG.n9v6p0y5NlKJ/K6W9fHq7.HkH9n.AWe', timestamp '2024-08-15 12:00:00' - interval '36 hours', timestamp '2024-08-15 12:00:00' - interval '5 hours') ON CONFLICT DO NOTHING;
INSERT INTO juror_period_auth (juror_id, period_id, pin_hash, final_submitted_at, last_seen_at) VALUES ('a206da8b-457b-4842-ae74-911fb4193bfe', 'b7014c23-db5e-4be5-a5d6-d9597e8578cc', '$2a$06$D1E3X/QGg9sM4W0.A3vQG.n9v6p0y5NlKJ/K6W9fHq7.HkH9n.AWe', timestamp '2024-08-15 12:00:00' - interval '20 hours', timestamp '2024-08-15 12:00:00' - interval '4 hours') ON CONFLICT DO NOTHING;
INSERT INTO juror_period_auth (juror_id, period_id, pin_hash, final_submitted_at, last_seen_at) VALUES ('74499a66-86e7-4d92-ade1-70ba9b770ef0', '47979751-163d-48b3-ae56-a65586d18f1b', '$2a$06$D1E3X/QGg9sM4W0.A3vQG.n9v6p0y5NlKJ/K6W9fHq7.HkH9n.AWe', timestamp '2026-08-15 12:00:00' - interval '19 hours', timestamp '2026-08-15 12:00:00' - interval '2 hours') ON CONFLICT DO NOTHING;
INSERT INTO juror_period_auth (juror_id, period_id, pin_hash) VALUES ('4f32d322-afb7-4042-a9d1-ce0c17a09a30', '47979751-163d-48b3-ae56-a65586d18f1b', '$2a$06$D1E3X/QGg9sM4W0.A3vQG.n9v6p0y5NlKJ/K6W9fHq7.HkH9n.AWe') ON CONFLICT DO NOTHING;
INSERT INTO juror_period_auth (juror_id, period_id, pin_hash, final_submitted_at, edit_enabled, edit_reason, edit_expires_at, last_seen_at) VALUES ('a71bad63-0a65-47a2-a5a5-623ab35c9ba7', '47979751-163d-48b3-ae56-a65586d18f1b', '$2a$06$D1E3X/QGg9sM4W0.A3vQG.n9v6p0y5NlKJ/K6W9fHq7.HkH9n.AWe', timestamp '2026-08-15 12:00:00' - interval '29 hours', true, 'Score correction requested by department chair', timestamp '2026-08-15 12:00:00' + interval '24 hours', timestamp '2026-08-15 12:00:00' - interval '8 hours') ON CONFLICT DO NOTHING;
INSERT INTO juror_period_auth (juror_id, period_id, pin_hash, last_seen_at) VALUES ('25380419-e8ec-4bae-a9e7-eeded88bba8b', '47979751-163d-48b3-ae56-a65586d18f1b', '$2a$06$D1E3X/QGg9sM4W0.A3vQG.n9v6p0y5NlKJ/K6W9fHq7.HkH9n.AWe', timestamp '2026-08-15 12:00:00' - interval '5 hours') ON CONFLICT DO NOTHING;
INSERT INTO juror_period_auth (juror_id, period_id, pin_hash, final_submitted_at, last_seen_at) VALUES ('74499a66-86e7-4d92-ade1-70ba9b770ef0', '10abd4e8-0cb9-4853-a17c-ac40da311bff', '$2a$06$D1E3X/QGg9sM4W0.A3vQG.n9v6p0y5NlKJ/K6W9fHq7.HkH9n.AWe', timestamp '2025-08-15 12:00:00' - interval '5 hours', timestamp '2025-08-15 12:00:00' - interval '3 hours') ON CONFLICT DO NOTHING;
INSERT INTO juror_period_auth (juror_id, period_id, pin_hash, final_submitted_at, last_seen_at) VALUES ('4f32d322-afb7-4042-a9d1-ce0c17a09a30', '10abd4e8-0cb9-4853-a17c-ac40da311bff', '$2a$06$D1E3X/QGg9sM4W0.A3vQG.n9v6p0y5NlKJ/K6W9fHq7.HkH9n.AWe', timestamp '2025-08-15 12:00:00' - interval '48 hours', timestamp '2025-08-15 12:00:00' - interval '2 hours') ON CONFLICT DO NOTHING;
INSERT INTO juror_period_auth (juror_id, period_id, pin_hash, final_submitted_at, last_seen_at) VALUES ('a71bad63-0a65-47a2-a5a5-623ab35c9ba7', '10abd4e8-0cb9-4853-a17c-ac40da311bff', '$2a$06$D1E3X/QGg9sM4W0.A3vQG.n9v6p0y5NlKJ/K6W9fHq7.HkH9n.AWe', timestamp '2025-08-15 12:00:00' - interval '17 hours', timestamp '2025-08-15 12:00:00' - interval '10 hours') ON CONFLICT DO NOTHING;
INSERT INTO juror_period_auth (juror_id, period_id, pin_hash, final_submitted_at, last_seen_at) VALUES ('25380419-e8ec-4bae-a9e7-eeded88bba8b', '10abd4e8-0cb9-4853-a17c-ac40da311bff', '$2a$06$D1E3X/QGg9sM4W0.A3vQG.n9v6p0y5NlKJ/K6W9fHq7.HkH9n.AWe', timestamp '2025-08-15 12:00:00' - interval '7 hours', timestamp '2025-08-15 12:00:00' - interval '1 hours') ON CONFLICT DO NOTHING;
INSERT INTO juror_period_auth (juror_id, period_id, pin_hash, final_submitted_at, last_seen_at) VALUES ('74499a66-86e7-4d92-ade1-70ba9b770ef0', '9f49cd18-d850-4b1e-ae53-c08253910f4e', '$2a$06$D1E3X/QGg9sM4W0.A3vQG.n9v6p0y5NlKJ/K6W9fHq7.HkH9n.AWe', timestamp '2024-08-15 12:00:00' - interval '12 hours', timestamp '2024-08-15 12:00:00' - interval '9 hours') ON CONFLICT DO NOTHING;
INSERT INTO juror_period_auth (juror_id, period_id, pin_hash, final_submitted_at, last_seen_at) VALUES ('4f32d322-afb7-4042-a9d1-ce0c17a09a30', '9f49cd18-d850-4b1e-ae53-c08253910f4e', '$2a$06$D1E3X/QGg9sM4W0.A3vQG.n9v6p0y5NlKJ/K6W9fHq7.HkH9n.AWe', timestamp '2024-08-15 12:00:00' - interval '33 hours', timestamp '2024-08-15 12:00:00' - interval '8 hours') ON CONFLICT DO NOTHING;
INSERT INTO juror_period_auth (juror_id, period_id, pin_hash, final_submitted_at, last_seen_at) VALUES ('a71bad63-0a65-47a2-a5a5-623ab35c9ba7', '9f49cd18-d850-4b1e-ae53-c08253910f4e', '$2a$06$D1E3X/QGg9sM4W0.A3vQG.n9v6p0y5NlKJ/K6W9fHq7.HkH9n.AWe', timestamp '2024-08-15 12:00:00' - interval '16 hours', timestamp '2024-08-15 12:00:00' - interval '3 hours') ON CONFLICT DO NOTHING;
INSERT INTO juror_period_auth (juror_id, period_id, pin_hash, final_submitted_at, last_seen_at) VALUES ('25380419-e8ec-4bae-a9e7-eeded88bba8b', '9f49cd18-d850-4b1e-ae53-c08253910f4e', '$2a$06$D1E3X/QGg9sM4W0.A3vQG.n9v6p0y5NlKJ/K6W9fHq7.HkH9n.AWe', timestamp '2024-08-15 12:00:00' - interval '11 hours', timestamp '2024-08-15 12:00:00' - interval '8 hours') ON CONFLICT DO NOTHING;

-- PIN Blocking Demo Data
-- is_blocked = true ensures rows always appear in PIN Blocking page regardless of when seed was applied.
-- failed_attempts and locked_at vary per entry for realism.

-- Org: TED University EE (e802a6cb) -----------------------------------------------
-- Spring 2026 (a0d6f60d) — 3 locked
UPDATE juror_period_auth SET is_blocked = true, failed_attempts = 5, locked_at = timestamp '2026-06-01 09:14:22' WHERE juror_id = 'aaa0da50-6432-47e0-ab48-b01ca823ef19' AND period_id = 'a0d6f60d-ece4-40f8-aca2-955b4abc5d88';
UPDATE juror_period_auth SET is_blocked = true, failed_attempts = 7, locked_at = timestamp '2026-06-01 10:47:05' WHERE juror_id = '9a21397b-552a-4b00-a5c4-15a0982436b1' AND period_id = 'a0d6f60d-ece4-40f8-aca2-955b4abc5d88';
UPDATE juror_period_auth SET is_blocked = true, failed_attempts = 3, locked_at = timestamp '2026-06-01 11:02:33' WHERE juror_id = '7d1bbec7-493f-4e1a-aee5-be30df51db49' AND period_id = 'a0d6f60d-ece4-40f8-aca2-955b4abc5d88';
-- Fall 2025 (952dd05e) — 2 locked
UPDATE juror_period_auth SET is_blocked = true, failed_attempts = 4, locked_at = timestamp '2025-12-10 08:33:11' WHERE juror_id = 'aaa0da50-6432-47e0-ab48-b01ca823ef19' AND period_id = '952dd05e-8ff2-44a7-a13b-9a22958f57fb';
UPDATE juror_period_auth SET is_blocked = true, failed_attempts = 6, locked_at = timestamp '2025-12-10 14:19:44' WHERE juror_id = '9a21397b-552a-4b00-a5c4-15a0982436b1' AND period_id = '952dd05e-8ff2-44a7-a13b-9a22958f57fb';
-- Spring 2025 (e55e0820) — 2 locked
UPDATE juror_period_auth SET is_blocked = true, failed_attempts = 3, locked_at = timestamp '2025-06-12 09:55:07' WHERE juror_id = 'aaa0da50-6432-47e0-ab48-b01ca823ef19' AND period_id = 'e55e0820-93f2-487f-abaa-4ae64a77e93e';
UPDATE juror_period_auth SET is_blocked = true, failed_attempts = 5, locked_at = timestamp '2025-06-12 11:28:50' WHERE juror_id = '7d1bbec7-493f-4e1a-aee5-be30df51db49' AND period_id = 'e55e0820-93f2-487f-abaa-4ae64a77e93e';
-- Fall 2024 (10078594) — 2 locked
UPDATE juror_period_auth SET is_blocked = true, failed_attempts = 4, locked_at = timestamp '2024-12-18 10:04:31' WHERE juror_id = '9a21397b-552a-4b00-a5c4-15a0982436b1' AND period_id = '10078594-2707-4c3f-a212-42add04fbd84';
UPDATE juror_period_auth SET is_blocked = true, failed_attempts = 3, locked_at = timestamp '2024-12-18 15:41:09' WHERE juror_id = 'aaa0da50-6432-47e0-ab48-b01ca823ef19' AND period_id = '10078594-2707-4c3f-a212-42add04fbd84';

-- Org: b94595d6 — 4 periods -----------------------------------------------------------
-- Spring 2026 (e14683dc) — 3 locked
UPDATE juror_period_auth SET is_blocked = true, failed_attempts = 5, locked_at = timestamp '2026-06-02 08:21:17' WHERE juror_id = '47dcf645-bcf8-407e-a86e-f0e506495726' AND period_id = 'e14683dc-6ac1-4c73-a2cb-da24e9e4f45f';
UPDATE juror_period_auth SET is_blocked = true, failed_attempts = 3, locked_at = timestamp '2026-06-02 09:44:52' WHERE juror_id = '44e14170-d567-4ad4-a771-cd269d538a2f' AND period_id = 'e14683dc-6ac1-4c73-a2cb-da24e9e4f45f';
UPDATE juror_period_auth SET is_blocked = true, failed_attempts = 6, locked_at = timestamp '2026-06-02 13:07:28' WHERE juror_id = 'c8a52987-c3a6-4368-a31c-a2f6566399f1' AND period_id = 'e14683dc-6ac1-4c73-a2cb-da24e9e4f45f';
-- Fall 2025 (b90e1112) — 2 locked
UPDATE juror_period_auth SET is_blocked = true, failed_attempts = 4, locked_at = timestamp '2025-12-11 07:58:03' WHERE juror_id = '47dcf645-bcf8-407e-a86e-f0e506495726' AND period_id = 'b90e1112-88c7-44fa-a275-25bc0ad2d96d';
UPDATE juror_period_auth SET is_blocked = true, failed_attempts = 3, locked_at = timestamp '2025-12-11 12:33:47' WHERE juror_id = '44e14170-d567-4ad4-a771-cd269d538a2f' AND period_id = 'b90e1112-88c7-44fa-a275-25bc0ad2d96d';
-- Spring 2025 (0e963024) — 2 locked
UPDATE juror_period_auth SET is_blocked = true, failed_attempts = 5, locked_at = timestamp '2025-06-14 10:22:19' WHERE juror_id = '47dcf645-bcf8-407e-a86e-f0e506495726' AND period_id = '0e963024-a53f-4722-a9e0-5db7a47b4419';
UPDATE juror_period_auth SET is_blocked = true, failed_attempts = 3, locked_at = timestamp '2025-06-14 14:51:06' WHERE juror_id = 'c8a52987-c3a6-4368-a31c-a2f6566399f1' AND period_id = '0e963024-a53f-4722-a9e0-5db7a47b4419';
-- Fall 2024 (f8c01197) — 2 locked
UPDATE juror_period_auth SET is_blocked = true, failed_attempts = 4, locked_at = timestamp '2024-12-19 09:17:55' WHERE juror_id = '44e14170-d567-4ad4-a771-cd269d538a2f' AND period_id = 'f8c01197-da4a-4646-a42d-8dc74715e3bc';
UPDATE juror_period_auth SET is_blocked = true, failed_attempts = 3, locked_at = timestamp '2024-12-19 16:02:38' WHERE juror_id = '47dcf645-bcf8-407e-a86e-f0e506495726' AND period_id = 'f8c01197-da4a-4646-a42d-8dc74715e3bc';

-- Org: d8214e32 — 3 periods -----------------------------------------------------------
-- e77bf882 — 2 locked
UPDATE juror_period_auth SET is_blocked = true, failed_attempts = 5, locked_at = timestamp '2026-06-03 08:44:12' WHERE juror_id = 'cec22180-51e9-4924-a2d0-6bca4aeb0028' AND period_id = 'e77bf882-fc32-461c-acab-6ee1696df0c7';
UPDATE juror_period_auth SET is_blocked = true, failed_attempts = 3, locked_at = timestamp '2026-06-03 11:15:29' WHERE juror_id = '27eea0b5-10e7-42eb-a739-4082ace54aa0' AND period_id = 'e77bf882-fc32-461c-acab-6ee1696df0c7';
-- 308d2708 — 2 locked
UPDATE juror_period_auth SET is_blocked = true, failed_attempts = 4, locked_at = timestamp '2025-12-13 09:31:44' WHERE juror_id = 'cec22180-51e9-4924-a2d0-6bca4aeb0028' AND period_id = '308d2708-dbea-41b6-a1c8-da6129445759';
UPDATE juror_period_auth SET is_blocked = true, failed_attempts = 6, locked_at = timestamp '2025-12-13 13:58:22' WHERE juror_id = '618aec67-dbed-41bf-ac48-c600f70c9fa5' AND period_id = '308d2708-dbea-41b6-a1c8-da6129445759';
-- bf4ee98f — 2 locked
UPDATE juror_period_auth SET is_blocked = true, failed_attempts = 3, locked_at = timestamp '2025-06-16 10:07:53' WHERE juror_id = '27eea0b5-10e7-42eb-a739-4082ace54aa0' AND period_id = 'bf4ee98f-1fd2-418d-a62d-8cb5b585f293';
UPDATE juror_period_auth SET is_blocked = true, failed_attempts = 5, locked_at = timestamp '2025-06-16 15:44:18' WHERE juror_id = 'cec22180-51e9-4924-a2d0-6bca4aeb0028' AND period_id = 'bf4ee98f-1fd2-418d-a62d-8cb5b585f293';

-- Org: 088f5054 — 3 periods -----------------------------------------------------------
-- 05a1eb4a — 2 locked
UPDATE juror_period_auth SET is_blocked = true, failed_attempts = 4, locked_at = timestamp '2026-08-15 08:09:37' WHERE juror_id = 'a49b6b5e-f40d-48f6-a398-87b85bbff743' AND period_id = '05a1eb4a-d4cf-478b-a52d-578c3d9c22ad';
UPDATE juror_period_auth SET is_blocked = true, failed_attempts = 3, locked_at = timestamp '2026-08-15 10:52:14' WHERE juror_id = '9ff6ca95-c216-42cd-a63f-1e58b1756cf2' AND period_id = '05a1eb4a-d4cf-478b-a52d-578c3d9c22ad';
-- bb63166c — 2 locked
UPDATE juror_period_auth SET is_blocked = true, failed_attempts = 6, locked_at = timestamp '2025-08-14 09:23:48' WHERE juror_id = 'a49b6b5e-f40d-48f6-a398-87b85bbff743' AND period_id = 'bb63166c-d38c-4278-a1e9-5c8b7b081a6c';
UPDATE juror_period_auth SET is_blocked = true, failed_attempts = 3, locked_at = timestamp '2025-08-14 14:36:59' WHERE juror_id = '9d55d273-9fd8-4365-a294-404246566892' AND period_id = 'bb63166c-d38c-4278-a1e9-5c8b7b081a6c';
-- 3f9cabdb — 2 locked
UPDATE juror_period_auth SET is_blocked = true, failed_attempts = 4, locked_at = timestamp '2024-08-16 11:18:25' WHERE juror_id = '9ff6ca95-c216-42cd-a63f-1e58b1756cf2' AND period_id = '3f9cabdb-61dc-45da-afa5-dbb1747cd8c8';
UPDATE juror_period_auth SET is_blocked = true, failed_attempts = 5, locked_at = timestamp '2024-08-16 16:04:41' WHERE juror_id = 'a49b6b5e-f40d-48f6-a398-87b85bbff743' AND period_id = '3f9cabdb-61dc-45da-afa5-dbb1747cd8c8';

-- Org: ff81ecf1 — 3 periods -----------------------------------------------------------
-- 6c44b363 — 2 locked
UPDATE juror_period_auth SET is_blocked = true, failed_attempts = 5, locked_at = timestamp '2026-08-15 07:47:03' WHERE juror_id = 'f106ca15-dc12-414f-ac41-0b361db08f95' AND period_id = '6c44b363-4522-4cad-a251-06484b72b164';
UPDATE juror_period_auth SET is_blocked = true, failed_attempts = 3, locked_at = timestamp '2026-08-15 12:22:56' WHERE juror_id = '2d3b2caa-0358-45c2-a122-c1c17cb9fbc5' AND period_id = '6c44b363-4522-4cad-a251-06484b72b164';
-- 318124ea — 2 locked
UPDATE juror_period_auth SET is_blocked = true, failed_attempts = 4, locked_at = timestamp '2025-08-14 08:55:31' WHERE juror_id = 'f106ca15-dc12-414f-ac41-0b361db08f95' AND period_id = '318124ea-8614-4355-ad48-2486524dfc13';
UPDATE juror_period_auth SET is_blocked = true, failed_attempts = 3, locked_at = timestamp '2025-08-14 13:41:17' WHERE juror_id = '79ef4764-8e84-4a18-ad48-dbd780a5a027' AND period_id = '318124ea-8614-4355-ad48-2486524dfc13';
-- b7014c23 — 2 locked
UPDATE juror_period_auth SET is_blocked = true, failed_attempts = 5, locked_at = timestamp '2024-08-15 10:33:44' WHERE juror_id = '2d3b2caa-0358-45c2-a122-c1c17cb9fbc5' AND period_id = 'b7014c23-db5e-4be5-a5d6-d9597e8578cc';
UPDATE juror_period_auth SET is_blocked = true, failed_attempts = 3, locked_at = timestamp '2024-08-15 15:08:29' WHERE juror_id = 'f106ca15-dc12-414f-ac41-0b361db08f95' AND period_id = 'b7014c23-db5e-4be5-a5d6-d9597e8578cc';

-- Org: b72b74d8 — 3 periods -----------------------------------------------------------
-- 47979751 — 2 locked
UPDATE juror_period_auth SET is_blocked = true, failed_attempts = 5, locked_at = timestamp '2026-08-15 09:12:06' WHERE juror_id = '74499a66-86e7-4d92-ade1-70ba9b770ef0' AND period_id = '47979751-163d-48b3-ae56-a65586d18f1b';
UPDATE juror_period_auth SET is_blocked = true, failed_attempts = 3, locked_at = timestamp '2026-08-15 11:47:33' WHERE juror_id = '4f32d322-afb7-4042-a9d1-ce0c17a09a30' AND period_id = '47979751-163d-48b3-ae56-a65586d18f1b';
-- 10abd4e8 — 2 locked
UPDATE juror_period_auth SET is_blocked = true, failed_attempts = 4, locked_at = timestamp '2025-08-15 08:27:19' WHERE juror_id = '74499a66-86e7-4d92-ade1-70ba9b770ef0' AND period_id = '10abd4e8-0cb9-4853-a17c-ac40da311bff';
UPDATE juror_period_auth SET is_blocked = true, failed_attempts = 6, locked_at = timestamp '2025-08-15 14:53:42' WHERE juror_id = 'a71bad63-0a65-47a2-a5a5-623ab35c9ba7' AND period_id = '10abd4e8-0cb9-4853-a17c-ac40da311bff';
-- 9f49cd18 — 2 locked
UPDATE juror_period_auth SET is_blocked = true, failed_attempts = 3, locked_at = timestamp '2024-08-15 10:44:08' WHERE juror_id = '4f32d322-afb7-4042-a9d1-ce0c17a09a30' AND period_id = '9f49cd18-d850-4b1e-ae53-c08253910f4e';
UPDATE juror_period_auth SET is_blocked = true, failed_attempts = 5, locked_at = timestamp '2024-08-15 16:19:55' WHERE juror_id = 'a71bad63-0a65-47a2-a5a5-623ab35c9ba7' AND period_id = '9f49cd18-d850-4b1e-ae53-c08253910f4e';

